Plot_ID,Date,Planet_NDVI
2502,2024-05-08,0.16605691056910563
2502,2024-05-16,0.20088308923537873
2502,2024-05-27,0.2145196263016535
2502,2024-06-13,0.20699729682991877
2502,2024-06-23,0.3732366432399996
2502,2024-07-06,0.6823965136521363
2502,2024-07-12,0.7162298669959032
2502,2024-07-19,0.7434734605202238
2502,2024-07-31,0.7729251809706974
2502,2024-08-20,0.7643834257295582
2502,2024-08-25,0.7697472403808464
2502,2024-08-31,0.759023281915112
2502,2024-09-06,0.702773156577896
2502,2024-09-13,0.5671887028759867
2502,2024-09-20,0.5099789483587952
2502,2024-09-30,0.4163551853026771
204,2024-05-08,0.19372480280455737
204,2024-05-16,0.2271051174645622
204,2024-05-27,0.23312130763858738
204,2024-06-13,0.2597476237614247
204,2024-06-23,0.40213797309877697
204,2024-07-06,0.6303709016867582
204,2024-07-12,0.68823130730572
204,2024-07-19,0.6868806804689017
204,2024-07-31,0.7137484178168886
204,2024-08-20,0.7106832107481436
204,2024-08-25,0.686043539880579
204,2024-08-31,0.6633081339593738
204,2024-09-06,0.5888312941496665
204,2024-09-13,0.5127183369861193
204,2024-09-20,0.4637302101657254
204,2024-09-30,0.39004685521867943
206,2024-05-08,0.197436488156324
206,2024-05-16,0.23803133571117463
206,2024-05-27,0.24222560176202215
206,2024-06-13,0.27086845631781437
206,2024-06-23,0.37126648564778897
206,2024-07-06,0.5734344467019529
206,2024-07-12,0.656447166921899
206,2024-07-19,0.6618136906321345
206,2024-07-31,0.6909083459663212
206,2024-08-20,0.69623446039276915
206,2024-08-25,0.6891486810551559
206,2024-08-31,0.6817427206190182
206,2024-09-06,0.6040262896277476
206,2024-09-13,0.5279082101232747
206,2024-09-20,0.5013678789829417
206,2024-09-30,0.42632857576677796
205,2024-05-08,0.21337019868230364
205,2024-05-16,0.24333523727371284
205,2024-05-27,0.22943460198198012
205,2024-06-13,0.2609200094536235
205,2024-06-23,0.41193986136873956
205,2024-07-06,0.6541579986131115
205,2024-07-12,0.7094606648034726
205,2024-07-19,0.7013615256847032
205,2024-07-31,0.7252379657329344
205,2024-08-20,0.7266940724041904
205,2024-08-25,0.7206276310753923
205,2024-08-31,0.7223747377905422
205,2024-09-06,0.643105640395121
205,2024-09-13,0.5490772185548389
205,2024-09-20,0.4997769906860816
205,2024-09-30,0.4232532634689494
203,2024-05-08,0.20474478942901153
203,2024-05-16,0.24607391386119995
203,2024-05-27,0.24313717125610562
203,2024-06-13,0.2820490716894927
203,2024-06-23,0.370902510414516
203,2024-07-06,0.6180442789813458
203,2024-07-12,0.6437809429507197
203,2024-07-19,0.646413703764259
203,2024-07-31,0.7067349905718768
203,2024-08-20,0.6915954808487186
203,2024-08-25,0.6875172299718807
203,2024-08-31,0.6699179306492502
203,2024-09-06,0.5710849510442016
203,2024-09-13,0.46631729160515695
203,2024-09-20,0.4272992832233075
203,2024-09-30,0.36023327970581465
202,2024-05-08,0.21979715674545433
202,2024-05-16,0.2512322429849951
202,2024-05-27,0.24488173325382628
202,2024-06-13,0.267957938820102
202,2024-06-23,0.3779971062422489
202,2024-07-06,0.5412048192771084
202,2024-07-12,0.6033418866080157
202,2024-07-19,0.5508966277772905
202,2024-07-31,0.6514403475218313
202,2024-08-20,0.667969731661687
202,2024-08-25,0.6534439645373948
202,2024-08-31,0.6585185754941929
202,2024-09-06,0.6147784871637686
202,2024-09-13,0.5296727530486605
202,2024-09-20,0.47960414496408793
202,2024-09-30,0.3919767565031854
201,2024-05-08,0.2167467830566123
201,2024-05-16,0.24461731970531342
201,2024-05-27,0.24431003672210988
201,2024-06-13,0.251278597436491
201,2024-06-23,0.32032770560811114
201,2024-07-06,0.5141671875887935
201,2024-07-12,0.5814283685929291
201,2024-07-19,0.5565476190476192
201,2024-07-31,0.6487718822092549
201,2024-08-20,0.6768716742977353
201,2024-08-25,0.6672501769153413
201,2024-08-31,0.6922871023434469
201,2024-09-06,0.6354415196672794
201,2024-09-13,0.581893474225332
201,2024-09-20,0.5490469549046955
201,2024-09-30,0.47363988546403907
301,2024-05-08,0.207623006264276
301,2024-05-16,0.24443019029292282
301,2024-05-27,0.2432349353032151
301,2024-06-13,0.26425038186471367
301,2024-06-23,0.3559594447318883
301,2024-07-06,0.5680401521897515
301,2024-07-12,0.6272498225198013
301,2024-07-19,0.5861844978777258
301,2024-07-31,0.7185718571857186
301,2024-08-20,0.7188904830224773
301,2024-08-25,0.7144548474781032
301,2024-08-31,0.7064783306581061
301,2024-09-06,0.6405780404728512
301,2024-09-13,0.5615180575392776
301,2024-09-20,0.5127301124292294
301,2024-09-30,0.4458126439382846
302,2024-05-08,0.19505758648200805
302,2024-05-16,0.24674464798057824
302,2024-05-27,0.2359287261794225
302,2024-06-13,0.24861032520054585
302,2024-06-23,0.3496174368267392
302,2024-07-06,0.5256501462334994
302,2024-07-12,0.5535729981541707
302,2024-07-19,0.5947602267504214
302,2024-07-31,0.6776528370169316
302,2024-08-20,0.7073381335041712
302,2024-08-25,0.7020847149736167
302,2024-08-31,0.6808609779194036
302,2024-09-06,0.6304318639516671
302,2024-09-13,0.5289066295513333
302,2024-09-20,0.4534670923444784
302,2024-09-30,0.38055290183902557
303,2024-05-08,0.19152036428029345
303,2024-05-16,0.2261248254479184
303,2024-05-27,0.22499630980747737
303,2024-06-13,0.25219279750358436
303,2024-06-23,0.3474268015990204
303,2024-07-06,0.6177774249460829
303,2024-07-12,0.6593797815449408
303,2024-07-19,0.6738952117297242
303,2024-07-31,0.7416442678508823
303,2024-08-20,0.7310104529616724
303,2024-08-25,0.7235036773171162
303,2024-08-31,0.6980640461715182
303,2024-09-06,0.6329449077548246
303,2024-09-13,0.5171592888198369
303,2024-09-20,0.4569810185366874
303,2024-09-30,0.3839883551673945
304,2024-05-08,0.18082489005986171
304,2024-05-16,0.21812509353810017
304,2024-05-27,0.21433368809349132
304,2024-06-13,0.25062415585478653
304,2024-06-23,0.3812770222237761
304,2024-07-06,0.6001260636621495
304,2024-07-12,0.6416298478154149
304,2024-07-19,0.6704123558239691
304,2024-07-31,0.7259577260671023
304,2024-08-20,0.7105535194060708
304,2024-08-25,0.6788843797658127
304,2024-08-31,0.6082831427217974
304,2024-09-06,0.5251635066393604
304,2024-09-13,0.43209790291216915
304,2024-09-20,0.38825392698003713
304,2024-09-30,0.3319481626510036
305,2024-05-08,0.17284724200132914
305,2024-05-16,0.22887253927222112
305,2024-05-27,0.2168023377165518
305,2024-06-13,0.2474078370847619
305,2024-06-23,0.3974913546925644
305,2024-07-06,0.6204237420158903
305,2024-07-12,0.6733030347456385
305,2024-07-19,0.7076357083865156
305,2024-07-31,0.7450760838357737
305,2024-08-20,0.7288597053171044
305,2024-08-25,0.7307179432472797
305,2024-08-31,0.7160314889021513
305,2024-09-06,0.6094585538642487
305,2024-09-13,0.47678715858893794
305,2024-09-20,0.4292269722563283
305,2024-09-30,0.3783601014370245
306,2024-05-08,0.19423868312757206
306,2024-05-16,0.22512990964842472
306,2024-05-27,0.2303153695932189
306,2024-06-13,0.2385258921952769
306,2024-06-23,0.35306105222539763
306,2024-07-06,0.4991267222976908
306,2024-07-12,0.5643015681894012
306,2024-07-19,0.6146394236679699
306,2024-07-31,0.6696764171486428
306,2024-08-20,0.6858775123582866
306,2024-08-25,0.6679414949760799
306,2024-08-31,0.6444182423042911
306,2024-09-06,0.5544950655671219
306,2024-09-13,0.4518624535774654
306,2024-09-20,0.4123546383439795
306,2024-09-30,0.3583736034601783
406,2024-05-08,0.18463275163314027
406,2024-05-16,0.22725120831452508
406,2024-05-27,0.22061299437809526
406,2024-06-13,0.2363428754582423
406,2024-06-23,0.3569796638541407
406,2024-07-06,0.4963488934683271
406,2024-07-12,0.5848476217601822
406,2024-07-19,0.5847979570377047
406,2024-07-31,0.7048138818919676
406,2024-08-20,0.7144388042865201
406,2024-08-25,0.7125160076313933
406,2024-08-31,0.7007290384537352
406,2024-09-06,0.625248791583736
406,2024-09-13,0.47921862980489055
406,2024-09-20,0.42479893236332705
406,2024-09-30,0.35823832241718556
405,2024-05-08,0.1874701681812651
405,2024-05-16,0.21969838018990875
405,2024-05-27,0.2219957169920105
405,2024-06-13,0.24677030424298393
405,2024-06-23,0.3732471883225652
405,2024-07-06,0.5862705436156763
405,2024-07-12,0.6589198133599677
405,2024-07-19,0.6931570130463475
405,2024-07-31,0.7461544027204977
405,2024-08-20,0.7411892038151933
405,2024-08-25,0.7321512274170004
405,2024-08-31,0.7102113071821963
405,2024-09-06,0.5979231339798357
405,2024-09-13,0.459596324965637
405,2024-09-20,0.4026832587983667
405,2024-09-30,0.3481505917281762
404,2024-05-08,0.18482042814177033
404,2024-05-16,0.21758151616651852
404,2024-05-27,0.21307444549435592
404,2024-06-13,0.23030563925957814
404,2024-06-23,0.377941553746764
404,2024-07-06,0.6504387390315242
404,2024-07-12,0.696585851669727
404,2024-07-19,0.7258516832455136
404,2024-07-31,0.7576661878930708
404,2024-08-20,0.7481187262729838
404,2024-08-25,0.7292501045080032
404,2024-08-31,0.713403014378934
404,2024-09-06,0.6399715920959185
404,2024-09-13,0.48773307163886165
404,2024-09-20,0.44303919792232893
404,2024-09-30,0.3641556232726242
403,2024-05-08,0.1932659388602188
403,2024-05-16,0.22225084301236417
403,2024-05-27,0.22182481828384434
403,2024-06-13,0.2432840357625751
403,2024-06-23,0.37803825686753917
403,2024-07-06,0.6332087699584499
403,2024-07-12,0.6483773739501946
403,2024-07-19,0.6846716440652141
403,2024-07-31,0.745689526815759
403,2024-08-20,0.7347693211087535
403,2024-08-25,0.734175503137849
403,2024-08-31,0.7042697889644535
403,2024-09-06,0.6340434026292526
403,2024-09-13,0.5060455016532597
403,2024-09-20,0.4320887582957596
403,2024-09-30,0.3686875953155124
402,2024-05-08,0.18351693349446205
402,2024-05-16,0.23215312878630265
402,2024-05-27,0.23116233794964824
402,2024-06-13,0.24225448221970305
402,2024-06-23,0.33613351393669766
402,2024-07-06,0.5908041632355522
402,2024-07-12,0.5832703527918014
402,2024-07-19,0.648187827080655
402,2024-07-31,0.7213379811614625
402,2024-08-20,0.7245978388088951
402,2024-08-25,0.7220220177781546
402,2024-08-31,0.6869735496969087
402,2024-09-06,0.6077816040879805
402,2024-09-13,0.483836101012086
402,2024-09-20,0.4170339398048744
402,2024-09-30,0.3548750123088609
401,2024-05-08,0.20993542203865548
401,2024-05-16,0.23693460842594985
401,2024-05-27,0.24394481584185762
401,2024-06-13,0.2591136272117867
401,2024-06-23,0.359413010033005
401,2024-07-06,0.5749854140378012
401,2024-07-12,0.6479706164810541
401,2024-07-19,0.6246235654792589
401,2024-07-31,0.7414080335657433
401,2024-08-20,0.7376024330489145
401,2024-08-25,0.7368252582569476
401,2024-08-31,0.6936033687587728
401,2024-09-06,0.6013852912975658
401,2024-09-13,0.4954253356238468
401,2024-09-20,0.4337663679330562
401,2024-09-30,0.37724691141167516
506,2024-05-08,0.19589459478656157
506,2024-05-16,0.22273460677666165
506,2024-05-27,0.2276464590719036
506,2024-06-13,0.24345549738219896
506,2024-06-23,0.3556148288932324
506,2024-07-06,0.5145641499500382
506,2024-07-12,0.595090358583047
506,2024-07-19,0.6227276879510368
506,2024-07-31,0.7215226978987622
506,2024-08-20,0.7216660756662394
506,2024-08-25,0.7240560733651515
506,2024-08-31,0.7141751779634788
506,2024-09-06,0.6425285057011404
506,2024-09-13,0.5038677878947782
506,2024-09-20,0.4372489334977878
506,2024-09-30,0.3788580742033598
505,2024-05-08,0.18716421680543277
505,2024-05-16,0.22262340197819508
505,2024-05-27,0.22514408477762402
505,2024-06-13,0.24591378051163892
505,2024-06-23,0.3624701847654535
505,2024-07-06,0.6123294285060858
505,2024-07-12,0.6537800436999271
505,2024-07-19,0.6519082464828638
505,2024-07-31,0.7541858487523092
505,2024-08-20,0.7477322047148575
505,2024-08-25,0.7376432543602096
505,2024-08-31,0.7239552593317691
505,2024-09-06,0.65992213631628
505,2024-09-13,0.5280820726830117
505,2024-09-20,0.4698644212214621
505,2024-09-30,0.3927481914059095
504,2024-05-08,0.18550665933705604
504,2024-05-16,0.21135816902358417
504,2024-05-27,0.20701264824532137
504,2024-06-13,0.23864891459324858
504,2024-06-23,0.36816690962099125
504,2024-07-06,0.6400438473500396
504,2024-07-12,0.7214037306354726
504,2024-07-19,0.7382011116725619
504,2024-07-31,0.7716444009232707
504,2024-08-20,0.753536231097114
504,2024-08-25,0.7480860018551592
504,2024-08-31,0.7334552686205345
504,2024-09-06,0.6487718445908291
504,2024-09-13,0.5026917241716831
504,2024-09-20,0.4445868349064741
504,2024-09-30,0.3838528316315692
503,2024-05-08,0.1946097833640511
503,2024-05-16,0.21698211374593893
503,2024-05-27,0.22074200213899303
503,2024-06-13,0.2396198512911199
503,2024-06-23,0.3852901084572986
503,2024-07-06,0.6051774146148244
503,2024-07-12,0.6535147528209432
503,2024-07-19,0.7000240710475975
503,2024-07-31,0.7451692406410875
503,2024-08-20,0.7552714461111408
503,2024-08-25,0.7388956651637042
503,2024-08-31,0.7210401210113089
503,2024-09-06,0.641509701778541
503,2024-09-13,0.5039684981234234
503,2024-09-20,0.42506198451652083
503,2024-09-30,0.3711531011922696
502,2024-05-08,0.1889833169575479
502,2024-05-16,0.21506284110771579
502,2024-05-27,0.22753408546412854
502,2024-06-13,0.2439027070991284
502,2024-06-23,0.3615617892342684
502,2024-07-06,0.6219107390036419
502,2024-07-12,0.6255869584477717
502,2024-07-19,0.689360974904363
502,2024-07-31,0.7522851519790072
502,2024-08-20,0.745584757786636
502,2024-08-25,0.7481094228323012
502,2024-08-31,0.7346994811913812
502,2024-09-06,0.6550173203709911
502,2024-09-13,0.5338777752803378
502,2024-09-20,0.4691533298915849
502,2024-09-30,0.3853547710590703
501,2024-05-08,0.22682529883831862
501,2024-05-16,0.24032361628354945
501,2024-05-27,0.24197259640400062
501,2024-06-13,0.2612586879939065
501,2024-06-23,0.3750081566068515
501,2024-07-06,0.571951120383667
501,2024-07-12,0.6242881099838942
501,2024-07-19,0.5879638324702852
501,2024-07-31,0.7388055073182833
501,2024-08-20,0.7446344229582096
501,2024-08-25,0.7523955885011752
501,2024-08-31,0.7311713051154579
501,2024-09-06,0.6560686385988748
501,2024-09-13,0.5286511518998868
501,2024-09-20,0.45356774606157907
501,2024-09-30,0.38127915726109857
601,2024-05-08,0.21039390780109693
601,2024-05-16,0.2361727280816607
601,2024-05-27,0.2390782690563395
601,2024-06-13,0.26629467506854587
601,2024-06-23,0.39132032870382527
601,2024-07-06,0.5445090003631271
601,2024-07-12,0.6279325330092076
601,2024-07-19,0.6319094976962808
601,2024-07-31,0.7511993888464475
601,2024-08-20,0.7511051424094902
601,2024-08-25,0.7571352439602085
601,2024-08-31,0.7194147932299609
601,2024-09-06,0.6680242879947487
601,2024-09-13,0.5428815578227769
601,2024-09-20,0.46155676590344247
601,2024-09-30,0.3866266416510319
602,2024-05-08,0.20192208426011957
602,2024-05-16,0.22881082128933594
602,2024-05-27,0.22930720947967384
602,2024-06-13,0.24386285250557924
602,2024-06-23,0.4016849394114253
602,2024-07-06,0.6597288339861405
602,2024-07-12,0.6889735519849817
602,2024-07-19,0.7220971373431971
602,2024-07-31,0.7698932956988538
602,2024-08-20,0.754614972480639
602,2024-08-25,0.7560103069571961
602,2024-08-31,0.7496330966641545
602,2024-09-06,0.6845008861586024
602,2024-09-13,0.5815523859166942
602,2024-09-20,0.5344965273576457
602,2024-09-30,0.4286949126549277
603,2024-05-08,0.18615048966374143
603,2024-05-16,0.22283180176473275
603,2024-05-27,0.22393056416615
603,2024-06-13,0.23927729439998305
603,2024-06-23,0.3609092647480639
603,2024-07-06,0.5908005967180507
603,2024-07-12,0.6744398580415213
603,2024-07-19,0.7089521974958178
603,2024-07-31,0.7606137961523651
603,2024-08-20,0.750973690485653
603,2024-08-25,0.7316903481309037
603,2024-08-31,0.7221458826195973
603,2024-09-06,0.6453145363584131
603,2024-09-13,0.5041706846673096
603,2024-09-20,0.42343898436825295
603,2024-09-30,0.3611801944381641
604,2024-05-08,0.17456656213959604
604,2024-05-16,0.20690235123953046
604,2024-05-27,0.21103034039717974
604,2024-06-13,0.2403954167602786
604,2024-06-23,0.37780360255665313
604,2024-07-06,0.6694613529344206
604,2024-07-12,0.7374671759369777
604,2024-07-19,0.7525420852977179
604,2024-07-31,0.7748164941043115
604,2024-08-20,0.7595675960714521
604,2024-08-25,0.7556887197343914
604,2024-08-31,0.7399182503897854
604,2024-09-06,0.6723740440845705
604,2024-09-13,0.5410326325974141
604,2024-09-20,0.4824951084749516
604,2024-09-30,0.4079833511576148
605,2024-05-08,0.18674269422665715
605,2024-05-16,0.2272249989499769
605,2024-05-27,0.2247595367401688
605,2024-06-13,0.24606001372064393
605,2024-06-23,0.38483628237377066
605,2024-07-06,0.6364338619530149
605,2024-07-12,0.686787337532892
605,2024-07-19,0.6648763591722202
605,2024-07-31,0.7616296980899568
605,2024-08-20,0.7435285898408799
605,2024-08-25,0.7346057825931893
605,2024-08-31,0.7289843878597567
605,2024-09-06,0.6581419300400799
605,2024-09-13,0.5449203299807888
605,2024-09-20,0.48517648122203644
605,2024-09-30,0.3996427714537069
606,2024-05-08,0.18289856794818468
606,2024-05-16,0.2298326072001835
606,2024-05-27,0.23060900410402357
606,2024-06-13,0.2540971566467317
606,2024-06-23,0.3830384756668366
606,2024-07-06,0.6152908503713386
606,2024-07-12,0.6567210821589606
606,2024-07-19,0.6843308344598746
606,2024-07-31,0.7457743851694552
606,2024-08-20,0.7297733901727619
606,2024-08-25,0.7336961071578066
606,2024-08-31,0.7270478770390436
606,2024-09-06,0.6627616238235708
606,2024-09-13,0.5254224725763416
606,2024-09-20,0.46025944149785936
606,2024-09-30,0.39387402296133217
805,2024-05-08,0.16739861873561176
805,2024-05-16,0.21566587724928618
805,2024-05-27,0.21924460785277522
805,2024-06-13,0.22851161243616588
805,2024-06-23,0.33705325456709506
805,2024-07-06,0.6040292020291294
805,2024-07-12,0.6378762385492616
805,2024-07-19,0.6866076943696607
805,2024-07-31,0.7540367903062203
805,2024-08-20,0.7334617854849068
805,2024-08-25,0.7089345172031077
805,2024-08-31,0.6667543259874823
805,2024-09-06,0.5534104089497512
805,2024-09-13,0.41956395571664784
805,2024-09-20,0.36859601736524983
805,2024-09-30,0.3443614327290137
803,2024-05-08,0.16694017895518304
803,2024-05-16,0.2189546185739855
803,2024-05-27,0.21801757054605284
803,2024-06-13,0.24528545179072242
803,2024-06-23,0.3793199781163789
803,2024-07-06,0.6500350832429673
803,2024-07-12,0.6829154431142233
803,2024-07-19,0.7196154503086645
803,2024-07-31,0.756422186504244
803,2024-08-20,0.742356385609818
803,2024-08-25,0.7402992713510311
803,2024-08-31,0.7310756411339132
803,2024-09-06,0.6715456756794758
803,2024-09-13,0.5411617961511048
803,2024-09-20,0.488671650373778
803,2024-09-30,0.40356035103708815
801,2024-05-08,0.209254198018243
801,2024-05-16,0.23311518993813593
801,2024-05-27,0.25140929620947916
801,2024-06-13,0.2534222319913055
801,2024-06-23,0.3765100501878894
801,2024-07-06,0.5463065842276571
801,2024-07-12,0.5635615669897466
801,2024-07-19,0.6076780250529564
801,2024-07-31,0.7431324221375757
801,2024-08-20,0.7414185689076109
801,2024-08-25,0.7329613391789559
801,2024-08-31,0.7103157894736843
801,2024-09-06,0.6421129489735741
801,2024-09-13,0.5164769633643599
801,2024-09-20,0.4398519753987282
801,2024-09-30,0.36786618764355966
806,2024-05-08,0.18683887890970266
806,2024-05-16,0.21950658197551318
806,2024-05-27,0.21985845347313235
806,2024-06-13,0.2478062962216304
806,2024-06-23,0.33989206853302956
806,2024-07-06,0.5566668380727104
806,2024-07-12,0.5990853222809776
806,2024-07-19,0.6735980953345829
806,2024-07-31,0.7287818306951135
806,2024-08-20,0.7237528143144922
806,2024-08-25,0.7133994015428117
806,2024-08-31,0.7052893772893774
806,2024-09-06,0.648827840877301
806,2024-09-13,0.529053172665866
806,2024-09-20,0.47124642206609424
806,2024-09-30,0.40593618820178884
804,2024-05-08,0.1686699436690467
804,2024-05-16,0.19815307062598617
804,2024-05-27,0.2008561236623068
804,2024-06-13,0.24708054095268667
804,2024-06-23,0.3895907349168697
804,2024-07-06,0.6721680242470164
804,2024-07-12,0.7169099739760915
804,2024-07-19,0.7389386969320484
804,2024-07-31,0.7769352043674836
804,2024-08-20,0.745336097127628
804,2024-08-25,0.740583277392407
804,2024-08-31,0.7223760015892987
804,2024-09-06,0.6673401024491339
804,2024-09-13,0.5290171317145643
804,2024-09-20,0.45154213752949685
804,2024-09-30,0.39239459906310276
802,2024-05-08,0.18691757121865663
802,2024-05-16,0.2229477398217518
802,2024-05-27,0.22394553857684135
802,2024-06-13,0.24126590972952164
802,2024-06-23,0.3521319415636107
802,2024-07-06,0.5582042594385286
802,2024-07-12,0.5835255917286165
802,2024-07-19,0.6644193828231504
802,2024-07-31,0.7536006718454756
802,2024-08-20,0.7373222779611676
802,2024-08-25,0.7115197193164836
802,2024-08-31,0.6736772921459087
802,2024-09-06,0.5865622316479742
802,2024-09-13,0.4616152256041058
802,2024-09-20,0.41847316066066065
802,2024-09-30,0.33729731204058533
901,2024-05-08,0.21975100135796696
901,2024-05-16,0.23108358504454657
901,2024-05-27,0.24003336494623903
901,2024-06-13,0.25345633132983625
901,2024-06-23,0.3856804703606608
901,2024-07-06,0.5477478651978359
901,2024-07-12,0.5398179059180576
901,2024-07-19,0.6067853170189099
901,2024-07-31,0.741050242443
901,2024-08-20,0.7602071300537742
901,2024-08-25,0.745330347779258
901,2024-08-31,0.697734879273249
901,2024-09-06,0.6283773416467897
901,2024-09-13,0.5223131998344848
901,2024-09-20,0.42982411026537753
901,2024-09-30,0.3591995520320651
902,2024-05-08,0.1828628226922684
902,2024-05-16,0.21103457225352262
902,2024-05-27,0.2176454594888526
902,2024-06-13,0.23894663357120696
902,2024-06-23,0.3575354750224191
902,2024-07-06,0.5997097044882408
902,2024-07-12,0.6686411251495433
902,2024-07-19,0.7249934145932614
902,2024-07-31,0.7597945961766154
902,2024-08-20,0.7541025057523578
902,2024-08-25,0.7464778073483597
902,2024-08-31,0.7320384294068505
902,2024-09-06,0.641376472403683
902,2024-09-13,0.49492643901557104
902,2024-09-20,0.4385659867992084
902,2024-09-30,0.3714865333796012
903,2024-05-08,0.17506060312227287
903,2024-05-16,0.2099860743003459
903,2024-05-27,0.21055898724902564
903,2024-06-13,0.23116579033848172
903,2024-06-23,0.3630698966067269
903,2024-07-06,0.6709989639208382
903,2024-07-12,0.7292443959110627
903,2024-07-19,0.7512933657942787
903,2024-07-31,0.7731183552770541
903,2024-08-20,0.7660996436495664
903,2024-08-25,0.7680735311722688
903,2024-08-31,0.7558498514094462
903,2024-09-06,0.6894401193811327
903,2024-09-13,0.5525099241244158
903,2024-09-20,0.48423601310320713
903,2024-09-30,0.40826807612259874
904,2024-05-08,0.17851238223536303
904,2024-05-16,0.19745817768393695
904,2024-05-27,0.20717696008086717
904,2024-06-13,0.24053996302386718
904,2024-06-23,0.389302138954906
904,2024-07-06,0.6769883136310976
904,2024-07-12,0.7409109339099879
904,2024-07-19,0.7614294270313435
904,2024-07-31,0.7801581739913906
904,2024-08-20,0.7588545950907812
904,2024-08-25,0.7624289517231455
904,2024-08-31,0.7507896798322089
904,2024-09-06,0.6593833008948135
904,2024-09-13,0.5117341869963571
904,2024-09-20,0.45512928092728716
904,2024-09-30,0.37589699748711175
905,2024-05-08,0.1682183286343387
905,2024-05-16,0.21536405176611992
905,2024-05-27,0.21362309922710448
905,2024-06-13,0.22618391564715826
905,2024-06-23,0.3405666312565105
905,2024-07-06,0.6155886841178543
905,2024-07-12,0.6427828155195481
905,2024-07-19,0.6991716029038435
905,2024-07-31,0.7637082647698922
905,2024-08-20,0.7458296592460169
905,2024-08-25,0.7287213740458016
905,2024-08-31,0.6807916327425315
905,2024-09-06,0.581913730469439
905,2024-09-13,0.4393529872162797
905,2024-09-20,0.3711987024904501
905,2024-09-30,0.33680297397769515
906,2024-05-08,0.19096819815749672
906,2024-05-16,0.2182793599007456
906,2024-05-27,0.22116008115966282
906,2024-06-13,0.2401294896223903
906,2024-06-23,0.33693157573031635
906,2024-07-06,0.5456177123994328
906,2024-07-12,0.5767131427308028
906,2024-07-19,0.659999506136257
906,2024-07-31,0.7410865997647298
906,2024-08-20,0.7270955165692008
906,2024-08-25,0.7224569472670873
906,2024-08-31,0.7192144297749996
906,2024-09-06,0.651867435315975
906,2024-09-13,0.5216064945542557
906,2024-09-20,0.44958631682817596
906,2024-09-30,0.3826708351942832
1001,2024-05-08,0.2050740917239658
1001,2024-05-16,0.21203067923628283
1001,2024-05-27,0.22401905478249967
1001,2024-06-13,0.25584387733218955
1001,2024-06-23,0.4009982940544639
1001,2024-07-06,0.5400844955716176
1001,2024-07-12,0.5375369010672923
1001,2024-07-19,0.6145424284191091
1001,2024-07-31,0.7490706319702602
1001,2024-08-20,0.7509204868040136
1001,2024-08-25,0.7301195408070749
1001,2024-08-31,0.6519447604510175
1001,2024-09-06,0.5771511753288764
1001,2024-09-13,0.4946131243878551
1001,2024-09-20,0.44453568037771674
1001,2024-09-30,0.38135677042856536
1002,2024-05-08,0.1841522434582889
1002,2024-05-16,0.21368032943880486
1002,2024-05-27,0.2217004845386187
1002,2024-06-13,0.2479194890652216
1002,2024-06-23,0.35840927920463966
1002,2024-07-06,0.5659215748921685
1002,2024-07-12,0.6412322274881516
1002,2024-07-19,0.6770414547778162
1002,2024-07-31,0.7257622573310792
1002,2024-08-20,0.7365921787709498
1002,2024-08-25,0.7178154883643801
1002,2024-08-31,0.697639405732466
1002,2024-09-06,0.6087689713322091
1002,2024-09-13,0.4750109628515944
1002,2024-09-20,0.4131285871754913
1002,2024-09-30,0.35936066301613145
1003,2024-05-08,0.1728716312513218
1003,2024-05-16,0.19850926928712492
1003,2024-05-27,0.2103092583427944
1003,2024-06-13,0.22202646546276264
1003,2024-06-23,0.3591610708991018
1003,2024-07-06,0.6664848109113454
1003,2024-07-12,0.6977353002285476
1003,2024-07-19,0.7452487643751442
1003,2024-07-31,0.7832362288135594
1003,2024-08-20,0.7667291339988017
1003,2024-08-25,0.7589941873863724
1003,2024-08-31,0.735015015015015
1003,2024-09-06,0.6431259570712969
1003,2024-09-13,0.49879820014808907
1003,2024-09-20,0.4263760534728277
1003,2024-09-30,0.36991994458726835
1004,2024-05-08,0.18372777329979695
1004,2024-05-16,0.21011716737235922
1004,2024-05-27,0.21737639094861944
1004,2024-06-13,0.23017688398522
1004,2024-06-23,0.40307086157946576
1004,2024-07-06,0.6664320546981046
1004,2024-07-12,0.7148174535091673
1004,2024-07-19,0.7561443093869034
1004,2024-07-31,0.7887932227789928
1004,2024-08-20,0.7715402149137088
1004,2024-08-25,0.7794201404898159
1004,2024-08-31,0.7708745094669303
1004,2024-09-06,0.6938138518019442
1004,2024-09-13,0.5749242256228283
1004,2024-09-20,0.5023375531859012
1004,2024-09-30,0.4234120734908136
1005,2024-05-08,0.17717434517700795
1005,2024-05-16,0.21477437037356759
1005,2024-05-27,0.21258950288655973
1005,2024-06-13,0.2295353769037979
1005,2024-06-23,0.36257671420371756
1005,2024-07-06,0.6430588501073083
1005,2024-07-12,0.671474358974359
1005,2024-07-19,0.7088363715129337
1005,2024-07-31,0.7673334786874523
1005,2024-08-20,0.749825933943514
1005,2024-08-25,0.7443653389776154
1005,2024-08-31,0.7260528516252339
1005,2024-09-06,0.6395909160814066
1005,2024-09-13,0.49681317298119954
1005,2024-09-20,0.4286982213969566
1005,2024-09-30,0.3703451840165384
1006,2024-05-08,0.19374521728623786
1006,2024-05-16,0.21531675096422545
1006,2024-05-27,0.21985448062851098
1006,2024-06-13,0.23758982406872056
1006,2024-06-23,0.3490379554359904
1006,2024-07-06,0.582242529019511
1006,2024-07-12,0.5908611213902938
1006,2024-07-19,0.677900043031905
1006,2024-07-31,0.7482455386554381
1006,2024-08-20,0.7305618819730735
1006,2024-08-25,0.7294678122073375
1006,2024-08-31,0.7232422622676554
1006,2024-09-06,0.6581471389645777
1006,2024-09-13,0.5178412968216869
1006,2024-09-20,0.4472767829481381
1006,2024-09-30,0.37940283549974946
1105,2024-05-08,0.17690588291244588
1105,2024-05-16,0.21362882899248395
1105,2024-05-27,0.2142717517669935
1105,2024-06-13,0.23143981149057954
1105,2024-06-23,0.3514405025090361
1105,2024-07-06,0.6244590437457636
1105,2024-07-12,0.6478121965293514
1105,2024-07-19,0.7084293690606782
1105,2024-07-31,0.7673406182434408
1105,2024-08-20,0.7498591851514094
1105,2024-08-25,0.7389581283480924
1105,2024-08-31,0.7006802721088435
1105,2024-09-06,0.5981279668382697
1105,2024-09-13,0.4536957954074038
1105,2024-09-20,0.40186757215619695
1105,2024-09-30,0.3578288565813133
1106,2024-05-08,0.1925760950259836
1106,2024-05-16,0.22357908772709595
1106,2024-05-27,0.2209534802234268
1106,2024-06-13,0.2249914291947598
1106,2024-06-23,0.36180869239590896
1106,2024-07-06,0.6156583629893239
1106,2024-07-12,0.64293310943185
1106,2024-07-19,0.7047345483359746
1106,2024-07-31,0.7561092342342342
1106,2024-08-20,0.7362506046035223
1106,2024-08-25,0.7421138960810096
1106,2024-08-31,0.7367830598793997
1106,2024-09-06,0.6666028184430154
1106,2024-09-13,0.5229599370016733
1106,2024-09-20,0.4657401422107304
1106,2024-09-30,0.4017147172493448
1104,2024-05-08,0.18113063407181057
1104,2024-05-16,0.2111171686378353
1104,2024-05-27,0.2102820205600137
1104,2024-06-13,0.2236410663733936
1104,2024-06-23,0.36013495799660333
1104,2024-07-06,0.563510309216307
1104,2024-07-12,0.597925504178587
1104,2024-07-19,0.6931567607071306
1104,2024-07-31,0.7708540397274679
1104,2024-08-20,0.757073080822044
1104,2024-08-25,0.7587844515208082
1104,2024-08-31,0.7583204745254039
1104,2024-09-06,0.6899825772207292
1104,2024-09-13,0.5584934782333667
1104,2024-09-20,0.4880489875730054
1104,2024-09-30,0.42183813204788584
1103,2024-05-08,0.16406644390490158
1103,2024-05-16,0.20654341302874843
1103,2024-05-27,0.20606431317721083
1103,2024-06-13,0.2142775224299313
1103,2024-06-23,0.35918039373242266
1103,2024-07-06,0.6256638627742042
1103,2024-07-12,0.6695885728238311
1103,2024-07-19,0.7269993462628024
1103,2024-07-31,0.7724025114869253
1103,2024-08-20,0.7682349298810902
1103,2024-08-25,0.7462955110647612
1103,2024-08-31,0.7151343129857842
1103,2024-09-06,0.6188574082675337
1103,2024-09-13,0.4735740871139724
1103,2024-09-20,0.42019630745271613
1103,2024-09-30,0.36445054433795476
1102,2024-05-08,0.19276804711054646
1102,2024-05-16,0.2151333341381267
1102,2024-05-27,0.22155765369333957
1102,2024-06-13,0.2529637669059943
1102,2024-06-23,0.35193222245314626
1102,2024-07-06,0.5459222442293559
1102,2024-07-12,0.5720992622401073
1102,2024-07-19,0.6118475249007713
1102,2024-07-31,0.6749038989566173
1102,2024-08-20,0.7094870757599007
1102,2024-08-25,0.6690321063479547
1102,2024-08-31,0.6428510962498942
1102,2024-09-06,0.5777425797121409
1102,2024-09-13,0.4697946206066856
1102,2024-09-20,0.4164003459036733
1102,2024-09-30,0.3483423066024369
1101,2024-05-08,0.1889026631898431
1101,2024-05-16,0.2102481070527168
1101,2024-05-27,0.21263017948149793
1101,2024-06-13,0.2455767701819131
1101,2024-06-23,0.3816086130462317
1101,2024-07-06,0.565778458923075
1101,2024-07-12,0.6176101408625313
1101,2024-07-19,0.6689415756045604
1101,2024-07-31,0.7663321554770318
1101,2024-08-20,0.7806500872600348
1101,2024-08-25,0.7749386870472823
1101,2024-08-31,0.7502411364101366
1101,2024-09-06,0.6963770841168359
1101,2024-09-13,0.6061538461538462
1101,2024-09-20,0.5542813656283622
1101,2024-09-30,0.45455376458758645
1204,2024-05-08,0.18049608601339245
1204,2024-05-16,0.20083097997208432
1204,2024-05-27,0.20976285954750234
1204,2024-06-13,0.21422685236995515
1204,2024-06-23,0.32064578459103027
1204,2024-07-06,0.5690315923942417
1204,2024-07-12,0.6310323410033077
1204,2024-07-19,0.7009462436800347
1204,2024-07-31,0.7706572837654659
1204,2024-08-20,0.7689259754913537
1204,2024-08-25,0.761091784854161
1204,2024-08-31,0.762033832339491
1204,2024-09-06,0.6912250075011593
1204,2024-09-13,0.5846954407910564
1204,2024-09-20,0.5289799663557119
1204,2024-09-30,0.42737513410418404
1206,2024-05-08,0.18431806897605316
1206,2024-05-16,0.2093296746373971
1206,2024-05-27,0.20370909309863816
1206,2024-06-13,0.21847047157563296
1206,2024-06-23,0.3249612618238164
1206,2024-07-06,0.57166392092257
1206,2024-07-12,0.6462398721898892
1206,2024-07-19,0.719566331953632
1206,2024-07-31,0.7753805686142825
1206,2024-08-20,0.7512443454955402
1206,2024-08-25,0.7569745478264415
1206,2024-08-31,0.7606493174787865
1206,2024-09-06,0.6901249362921332
1206,2024-09-13,0.5813941581547757
1206,2024-09-20,0.5463585881151466
1206,2024-09-30,0.45472948104527056
1203,2024-05-08,0.1743461552811253
1203,2024-05-16,0.20506887292890044
1203,2024-05-27,0.20988079792409994
1203,2024-06-13,0.213834262386804
1203,2024-06-23,0.33348095659876
1203,2024-07-06,0.6132653833539369
1203,2024-07-12,0.6692430197390529
1203,2024-07-19,0.733391673959245
1203,2024-07-31,0.7811473691565929
1203,2024-08-20,0.7722247781794283
1203,2024-08-25,0.7663132785581765
1203,2024-08-31,0.7646797646797646
1203,2024-09-06,0.6976116303219108
1203,2024-09-13,0.5792580312963101
1203,2024-09-20,0.5264443677014186
1203,2024-09-30,0.4202128444700291
1201,2024-05-08,0.19888825481368758
1201,2024-05-16,0.22992864325260773
1201,2024-05-27,0.2255183556233732
1201,2024-06-13,0.2603877464589902
1201,2024-06-23,0.4038271197624546
1201,2024-07-06,0.6030864527153307
1201,2024-07-12,0.6767212780074515
1201,2024-07-19,0.7061012202440489
1201,2024-07-31,0.7683859551629839
1201,2024-08-20,0.7860237970895848
1201,2024-08-25,0.7921808625530995
1201,2024-08-31,0.7749325337331334
1201,2024-09-06,0.700154602951511
1201,2024-09-13,0.598369727984166
1201,2024-09-20,0.517473861631245
1201,2024-09-30,0.4319794470271593
1205,2024-05-08,0.16643501126972202
1205,2024-05-16,0.20706550643296032
1205,2024-05-27,0.21220290153307952
1205,2024-06-13,0.22573961792754643
1205,2024-06-23,0.3367430155882284
1205,2024-07-06,0.5787391526288923
1205,2024-07-12,0.6116105682229461
1205,2024-07-19,0.6877528229308847
1205,2024-07-31,0.7614419256167635
1205,2024-08-20,0.7540698055137189
1205,2024-08-25,0.722742878352046
1205,2024-08-31,0.6918190541837301
1205,2024-09-06,0.5906129880639288
1205,2024-09-13,0.4686996317603737
1205,2024-09-20,0.41574228473380215
1205,2024-09-30,0.3607125320530307
1202,2024-05-08,0.18616116967018023
1202,2024-05-16,0.20872869592918744
1202,2024-05-27,0.22085726549884518
1202,2024-06-13,0.26497905260124577
1202,2024-06-23,0.3584405929092514
1202,2024-07-06,0.5828953998992153
1202,2024-07-12,0.6438263229308004
1202,2024-07-19,0.6563679846551661
1202,2024-07-31,0.7204202043459491
1202,2024-08-20,0.7343547061785989
1202,2024-08-25,0.733146898276372
1202,2024-08-31,0.7262377622377624
1202,2024-09-06,0.671371189611533
1202,2024-09-13,0.5626382811347658
1202,2024-09-20,0.4923933209647495
1202,2024-09-30,0.3904529816513762
1304,2024-05-08,0.19232438831886345
1304,2024-05-16,0.21784417186322214
1304,2024-05-27,0.21969233280287262
1304,2024-06-13,0.2243530499075786
1304,2024-06-23,0.3407006874356639
1304,2024-07-06,0.5922078249153162
1304,2024-07-12,0.6389669788647255
1304,2024-07-19,0.6869664766929643
1304,2024-07-31,0.7475421809948141
1304,2024-08-20,0.7422067487948582
1304,2024-08-25,0.7349535496579445
1304,2024-08-31,0.7123589822841007
1304,2024-09-06,0.6219280076135026
1304,2024-09-13,0.5177750726653912
1304,2024-09-20,0.4430831992499778
1304,2024-09-30,0.3768265854689025
1306,2024-05-08,0.19398463913697744
1306,2024-05-16,0.22797910365686005
1306,2024-05-27,0.22295586656674704
1306,2024-06-13,0.23568819785036002
1306,2024-06-23,0.33047151028299826
1306,2024-07-06,0.5727393501446469
1306,2024-07-12,0.673911404051221
1306,2024-07-19,0.7114700386515475
1306,2024-07-31,0.7636604434570855
1306,2024-08-20,0.7457689166737067
1306,2024-08-25,0.7448055336285673
1306,2024-08-31,0.7459809391986388
1306,2024-09-06,0.6676038123084708
1306,2024-09-13,0.5669155216350156
1306,2024-09-20,0.5069917857835844
1306,2024-09-30,0.4366998577524894
1305,2024-05-08,0.1834416811550382
1305,2024-05-16,0.2169107308948541
1305,2024-05-27,0.21443663402543578
1305,2024-06-13,0.21829552216990486
1305,2024-06-23,0.3234577117329383
1305,2024-07-06,0.5435146966854284
1305,2024-07-12,0.6232536111768886
1305,2024-07-19,0.6618883698057536
1305,2024-07-31,0.748600407413211
1305,2024-08-20,0.7522741334597107
1305,2024-08-25,0.7301361939317453
1305,2024-08-31,0.7137746930058729
1305,2024-09-06,0.640877040471361
1305,2024-09-13,0.5483424047501236
1305,2024-09-20,0.4915106660861995
1305,2024-09-30,0.4055666588290619
1303,2024-05-08,0.1705964469431855
1303,2024-05-16,0.22197252860648034
1303,2024-05-27,0.21993802822701028
1303,2024-06-13,0.2378318352295347
1303,2024-06-23,0.377323331262841
1303,2024-07-06,0.6429837404638976
1303,2024-07-12,0.6810274510967091
1303,2024-07-19,0.7320096133277968
1303,2024-07-31,0.7726900836187649
1303,2024-08-20,0.7730430754979156
1303,2024-08-25,0.7658837119753562
1303,2024-08-31,0.7580249729174982
1303,2024-09-06,0.7117550729797081
1303,2024-09-13,0.6157305992300613
1303,2024-09-20,0.5603110739070559
1303,2024-09-30,0.45528275687957587
1302,2024-05-08,0.18150927367973949
1302,2024-05-16,0.211957690157802
1302,2024-05-27,0.22784761686087673
1302,2024-06-13,0.2505071405387861
1302,2024-06-23,0.35371685885931065
1302,2024-07-06,0.5444320688374937
1302,2024-07-12,0.6248240099251433
1302,2024-07-19,0.6180923842370103
1302,2024-07-31,0.7271037887613025
1302,2024-08-20,0.7320156285911286
1302,2024-08-25,0.7378503471329391
1302,2024-08-31,0.7257649146684815
1302,2024-09-06,0.6717808219178083
1302,2024-09-13,0.564689080352126
1302,2024-09-20,0.48899589798466214
1302,2024-09-30,0.4010695187165776
1301,2024-05-08,0.20687547582538945
1301,2024-05-16,0.2247029830433663
1301,2024-05-27,0.23141733339292897
1301,2024-06-13,0.2667788237820811
1301,2024-06-23,0.419076248949125
1301,2024-07-06,0.6534819877864306
1301,2024-07-12,0.7137814636486695
1301,2024-07-19,0.7260755280225077
1301,2024-07-31,0.758848811112904
1301,2024-08-20,0.7813354046201202
1301,2024-08-25,0.7769108256987974
1301,2024-08-31,0.7668922548071759
1301,2024-09-06,0.7112044532941878
1301,2024-09-13,0.6235675270429475
1301,2024-09-20,0.5598162243708428
1301,2024-09-30,0.45407052677405313
1506,2024-05-08,0.19309587947720241
1506,2024-05-16,0.22040474304670726
1506,2024-05-27,0.22054011514724764
1506,2024-06-13,0.2210452651334415
1506,2024-06-23,0.32144468507489615
1506,2024-07-06,0.458661876545514
1506,2024-07-12,0.4816009104704098
1506,2024-07-19,0.5737819140994376
1506,2024-07-31,0.7008733624454148
1506,2024-08-20,0.7025553862384244
1506,2024-08-25,0.6699679940658526
1506,2024-08-31,0.664784797602072
1506,2024-09-06,0.5973566844338083
1506,2024-09-13,0.4873810036887273
1506,2024-09-20,0.43258723340116056
1506,2024-09-30,0.38096978379405616
1505,2024-05-08,0.18899325932520583
1505,2024-05-16,0.22600959098488851
1505,2024-05-27,0.22908948385109973
1505,2024-06-13,0.2384325756519314
1505,2024-06-23,0.3256611165523996
1505,2024-07-06,0.5110984445735458
1505,2024-07-12,0.5921779529026504
1505,2024-07-19,0.6473770088736898
1505,2024-07-31,0.7255909005351044
1505,2024-08-20,0.7133337431610007
1505,2024-08-25,0.6965322454103249
1505,2024-08-31,0.6739670411418339
1505,2024-09-06,0.5723268892361838
1505,2024-09-13,0.46236048956704595
1505,2024-09-20,0.3933681908504568
1505,2024-09-30,0.3475018065448539
1504,2024-05-08,0.1817243004241069
1504,2024-05-16,0.20978032996080573
1504,2024-05-27,0.2160509132986197
1504,2024-06-13,0.23089370176748822
1504,2024-06-23,0.3399619160556893
1504,2024-07-06,0.5261446205554146
1504,2024-07-12,0.6061897702001482
1504,2024-07-19,0.657029137879243
1504,2024-07-31,0.7308359763030339
1504,2024-08-20,0.7079870793186273
1504,2024-08-25,0.6962670545051597
1504,2024-08-31,0.6949472734449895
1504,2024-09-06,0.6215499308939116
1504,2024-09-13,0.5034279632700541
1504,2024-09-20,0.4542714444070794
1504,2024-09-30,0.37790992820364055
1503,2024-05-08,0.19465791090475085
1503,2024-05-16,0.20922424044582277
1503,2024-05-27,0.21435830122369479
1503,2024-06-13,0.23154311811973546
1503,2024-06-23,0.3452620260857369
1503,2024-07-06,0.5192496150077
1503,2024-07-12,0.5289872572556931
1503,2024-07-19,0.6215260232440627
1503,2024-07-31,0.7291609311431282
1503,2024-08-20,0.7139599872092538
1503,2024-08-25,0.7126762949472703
1503,2024-08-31,0.7088365989681189
1503,2024-09-06,0.6429655835202027
1503,2024-09-13,0.5108027402072721
1503,2024-09-20,0.4384900226290887
1503,2024-09-30,0.3769891076967467
1502,2024-05-08,0.19069015912783785
1502,2024-05-16,0.22168549808230542
1502,2024-05-27,0.21391257843015535
1502,2024-06-13,0.24382380397855777
1502,2024-06-23,0.3455745437993959
1502,2024-07-06,0.6074600763956003
1502,2024-07-12,0.632549406313742
1502,2024-07-19,0.6600861085057576
1502,2024-07-31,0.73989155266852
1502,2024-08-20,0.7329680411205086
1502,2024-08-25,0.7313685506521488
1502,2024-08-31,0.7271500296928143
1502,2024-09-06,0.6547291558383935
1502,2024-09-13,0.5280704784936949
1502,2024-09-20,0.45291542800964396
1502,2024-09-30,0.38270546798623295
1501,2024-05-08,0.200733338126393
1501,2024-05-16,0.23028509503167724
1501,2024-05-27,0.22890642226461766
1501,2024-06-13,0.2777598164467852
1501,2024-06-23,0.41470562882510126
1501,2024-07-06,0.6511962965587283
1501,2024-07-12,0.6766729963772508
1501,2024-07-19,0.7026767236992391
1501,2024-07-31,0.7559845196503981
1501,2024-08-20,0.7634666539996199
1501,2024-08-25,0.7683969484648987
1501,2024-08-31,0.7637594708045797
1501,2024-09-06,0.7142821529180066
1501,2024-09-13,0.6162896333598771
1501,2024-09-20,0.5592590894502774
1501,2024-09-30,0.44687127855364295
1601,2024-05-08,0.2136345704811762
1601,2024-05-16,0.23225253707569601
1601,2024-05-27,0.22870730652831822
1601,2024-06-13,0.27538279141336425
1601,2024-06-23,0.43764439979909586
1601,2024-07-06,0.7006958634782129
1601,2024-07-12,0.730339617768595
1601,2024-07-19,0.7289331782617889
1601,2024-07-31,0.7803421085920699
1601,2024-08-20,0.7785509335625078
1601,2024-08-25,0.7839579300182035
1601,2024-08-31,0.7638573768274909
1601,2024-09-06,0.6832717960933778
1601,2024-09-13,0.5825817214952298
1601,2024-09-20,0.514467561640905
1601,2024-09-30,0.42982798147252843
1602,2024-05-08,0.1846469050574782
1602,2024-05-16,0.22416876863104787
1602,2024-05-27,0.22242052660311595
1602,2024-06-13,0.22070890609364302
1602,2024-06-23,0.33643568840579713
1602,2024-07-06,0.591545293950512
1602,2024-07-12,0.6766472996170607
1602,2024-07-19,0.7051541451466908
1602,2024-07-31,0.761807426677816
1602,2024-08-20,0.7472314159230242
1602,2024-08-25,0.7436883728273506
1602,2024-08-31,0.735497227133294
1602,2024-09-06,0.6569853781128626
1602,2024-09-13,0.5145210121724828
1602,2024-09-20,0.4557434491163924
1602,2024-09-30,0.3844312775458977
1603,2024-05-08,0.193037115950914
1603,2024-05-16,0.21513361791708088
1603,2024-05-27,0.2151179787011902
1603,2024-06-13,0.23182390329661187
1603,2024-06-23,0.33794613630719916
1603,2024-07-06,0.5463144786627713
1603,2024-07-12,0.6157580972281975
1603,2024-07-19,0.6779385099990735
1603,2024-07-31,0.7503873086695172
1603,2024-08-20,0.7348648270065835
1603,2024-08-25,0.7401773135432825
1603,2024-08-31,0.7279200121193757
1603,2024-09-06,0.6502754304502063
1603,2024-09-13,0.5120940045137867
1603,2024-09-20,0.4399551209312407
1603,2024-09-30,0.3757885862139141
1604,2024-05-08,0.1783785864846916
1604,2024-05-16,0.1937355244292489
1604,2024-05-27,0.20722499236796577
1604,2024-06-13,0.22153306265684614
1604,2024-06-23,0.3359593194690167
1604,2024-07-06,0.5406505049526531
1604,2024-07-12,0.645003276028829
1604,2024-07-19,0.6909580067844192
1604,2024-07-31,0.7555806087936866
1604,2024-08-20,0.7495242137546724
1604,2024-08-25,0.7339508233199821
1604,2024-08-31,0.7286557737196211
1604,2024-09-06,0.6611144633259896
1604,2024-09-13,0.5425507585190454
1604,2024-09-20,0.4965290080443027
1604,2024-09-30,0.414010255795124
1605,2024-05-08,0.19515961365723686
1605,2024-05-16,0.22065413221231578
1605,2024-05-27,0.22792863974716182
1605,2024-06-13,0.23255146395472812
1605,2024-06-23,0.33164556962025316
1605,2024-07-06,0.525894025961315
1605,2024-07-12,0.568949123678422
1605,2024-07-19,0.6455655447408178
1605,2024-07-31,0.7022604637596618
1605,2024-08-20,0.7195634610907995
1605,2024-08-25,0.6927323407437623
1605,2024-08-31,0.6540813575675024
1605,2024-09-06,0.5555979609083227
1605,2024-09-13,0.44711389938452034
1605,2024-09-20,0.39514699590489577
1605,2024-09-30,0.34013112049717714
1606,2024-05-08,0.18480611483967196
1606,2024-05-16,0.21496791036658328
1606,2024-05-27,0.22550596834097997
1606,2024-06-13,0.21355470081308725
1606,2024-06-23,0.3008947122927533
1606,2024-07-06,0.4770522856425588
1606,2024-07-12,0.4934520287133044
1606,2024-07-19,0.5998559462819038
1606,2024-07-31,0.7118117726051925
1606,2024-08-20,0.689360273880647
1606,2024-08-25,0.663648318617321
1606,2024-08-31,0.6402759570439226
1606,2024-09-06,0.5665308807529793
1606,2024-09-13,0.4648335055233251
1606,2024-09-20,0.40562801849238855
1606,2024-09-30,0.3592779995460796
1701,2024-05-08,0.20619757186293747
1701,2024-05-16,0.2335582394890389
1701,2024-05-27,0.2249080515797403
1701,2024-06-13,0.2571361776738749
1701,2024-06-23,0.4313629222309505
1701,2024-07-06,0.6900445969125215
1701,2024-07-12,0.7098961808842471
1701,2024-07-19,0.7134404393913263
1701,2024-07-31,0.777011361001623
1701,2024-08-20,0.772588377113061
1701,2024-08-25,0.7784630602062635
1701,2024-08-31,0.7463841832898402
1701,2024-09-06,0.6460756862858298
1701,2024-09-13,0.5252039322317507
1701,2024-09-20,0.4517428310872429
1701,2024-09-30,0.38609112709832133
1702,2024-05-08,0.17736845239276708
1702,2024-05-16,0.20693911290779182
1702,2024-05-27,0.20136252425546267
1702,2024-06-13,0.21789732586739236
1702,2024-06-23,0.3252728875228818
1702,2024-07-06,0.5729908044032528
1702,2024-07-12,0.6479649006517999
1702,2024-07-19,0.7139367256815344
1702,2024-07-31,0.7683548683082384
1702,2024-08-20,0.7598343109727281
1702,2024-08-25,0.7595477097034729
1702,2024-08-31,0.7555329280345003
1702,2024-09-06,0.680688055889864
1702,2024-09-13,0.5603739856218733
1702,2024-09-20,0.5069596016363231
1702,2024-09-30,0.43235955725713954
1703,2024-05-08,0.1945342978690035
1703,2024-05-16,0.20200787813295218
1703,2024-05-27,0.2192882703362511
1703,2024-06-13,0.23505698909329026
1703,2024-06-23,0.32779395296752517
1703,2024-07-06,0.573535204332841
1703,2024-07-12,0.6441557242037531
1703,2024-07-19,0.7021951153980494
1703,2024-07-31,0.7693573452783619
1703,2024-08-20,0.7510540276420493
1703,2024-08-25,0.7436753489710749
1703,2024-08-31,0.7451644100580271
1703,2024-09-06,0.6651541728881867
1703,2024-09-13,0.526094662089308
1703,2024-09-20,0.46431397988971784
1703,2024-09-30,0.3917863144550252
1704,2024-05-08,0.17597193522033733
1704,2024-05-16,0.21858622446092024
1704,2024-05-27,0.21963824289405692
1704,2024-06-13,0.2291070861137591
1704,2024-06-23,0.33222598769285655
1704,2024-07-06,0.4906283679302752
1704,2024-07-12,0.5914040991128785
1704,2024-07-19,0.6582657759906608
1704,2024-07-31,0.7292674444339057
1704,2024-08-20,0.7255471223369694
1704,2024-08-25,0.714090462563533
1704,2024-08-31,0.6931186533185872
1704,2024-09-06,0.6149980672593739
1704,2024-09-13,0.508394360583869
1704,2024-09-20,0.4349904276495125
1704,2024-09-30,0.3803174228568057
1705,2024-05-08,0.1897379720464393
1705,2024-05-16,0.21362369932336386
1705,2024-05-27,0.2224339274738783
1705,2024-06-13,0.22522874071944218
1705,2024-06-23,0.3235129257191543
1705,2024-07-06,0.45308195004212487
1705,2024-07-12,0.48705030307801306
1705,2024-07-19,0.575041010997023
1705,2024-07-31,0.642285359941372
1705,2024-08-20,0.6776184326785836
1705,2024-08-25,0.6559910232665036
1705,2024-08-31,0.635599512488968
1705,2024-09-06,0.5619293829512211
1705,2024-09-13,0.4701292367715192
1705,2024-09-20,0.4378254478411441
1705,2024-09-30,0.3659337990542722
1706,2024-05-08,0.19900046633172902
1706,2024-05-16,0.21714168124292618
1706,2024-05-27,0.22160285975684524
1706,2024-06-13,0.2266103096572637
1706,2024-06-23,0.30307606547407895
1706,2024-07-06,0.5232887045068829
1706,2024-07-12,0.5861167210398218
1706,2024-07-19,0.6486253815279005
1706,2024-07-31,0.728721346981925
1706,2024-08-20,0.7159452924092577
1706,2024-08-25,0.6911194075524818
1706,2024-08-31,0.6720209842618038
1706,2024-09-06,0.5998021585014774
1706,2024-09-13,0.4966292643199711
1706,2024-09-20,0.4552985536608701
1706,2024-09-30,0.38434140052895294
1806,2024-05-08,0.1931729424810761
1806,2024-05-16,0.217634119376788
1806,2024-05-27,0.2218765658927677
1806,2024-06-13,0.22636516223368658
1806,2024-06-23,0.32800724227679073
1806,2024-07-06,0.5448003628651638
1806,2024-07-12,0.5953782790170551
1806,2024-07-19,0.6388871874655461
1806,2024-07-31,0.7133820086946827
1806,2024-08-20,0.7203346712646278
1806,2024-08-25,0.6776917277773971
1806,2024-08-31,0.6542305680222473
1806,2024-09-06,0.5607548183466524
1806,2024-09-13,0.45697544913079274
1806,2024-09-20,0.4075048241786605
1806,2024-09-30,0.3508520916264113
1805,2024-05-08,0.18105390219230014
1805,2024-05-16,0.21376367340239621
1805,2024-05-27,0.20583845357898306
1805,2024-06-13,0.23436360576653392
1805,2024-06-23,0.3255982892865547
1805,2024-07-06,0.5138560464633893
1805,2024-07-12,0.5356174990321332
1805,2024-07-19,0.6201399943304478
1805,2024-07-31,0.7214796976386382
1805,2024-08-20,0.7183274544385656
1805,2024-08-25,0.7153187578601141
1805,2024-08-31,0.7178114027332206
1805,2024-09-06,0.6562944523470838
1805,2024-09-13,0.5680460381108658
1805,2024-09-20,0.5259935640516271
1805,2024-09-30,0.42663255393960947
1804,2024-05-08,0.19663898387884712
1804,2024-05-16,0.2251408214488127
1804,2024-05-27,0.2174111780594224
1804,2024-06-13,0.23219116321009925
1804,2024-06-23,0.3469663376588298
1804,2024-07-06,0.49383408071748874
1804,2024-07-12,0.5798102857835561
1804,2024-07-19,0.6464344251632542
1804,2024-07-31,0.7379242716603929
1804,2024-08-20,0.7231831021191923
1804,2024-08-25,0.7069719396057678
1804,2024-08-31,0.6965380530973451
1804,2024-09-06,0.6161281337047355
1804,2024-09-13,0.49322190130891663
1804,2024-09-20,0.42980658703583385
1804,2024-09-30,0.37084801024715436
1803,2024-05-08,0.18381086734445684
1803,2024-05-16,0.20638769571844254
1803,2024-05-27,0.21080447500340127
1803,2024-06-13,0.22888375673595068
1803,2024-06-23,0.34231241342807917
1803,2024-07-06,0.6054401208915753
1803,2024-07-12,0.6293183802097975
1803,2024-07-19,0.7023231395196221
1803,2024-07-31,0.7688170427571287
1803,2024-08-20,0.7558180970916368
1803,2024-08-25,0.7578704442863984
1803,2024-08-31,0.757091660086254
1803,2024-09-06,0.6876825635538075
1803,2024-09-13,0.5550328780981285
1803,2024-09-20,0.4865174388339406
1803,2024-09-30,0.4077471354244985
1802,2024-05-08,0.17045636887064042
1802,2024-05-16,0.200462135880786
1802,2024-05-27,0.21406130422523864
1802,2024-06-13,0.21731204489825182
1802,2024-06-23,0.3244498556998557
1802,2024-07-06,0.5756120515945318
1802,2024-07-12,0.6066204994109364
1802,2024-07-19,0.6955036542739116
1802,2024-07-31,0.7694135115070526
1802,2024-08-20,0.7650746670254271
1802,2024-08-25,0.7648607454621035
1802,2024-08-31,0.752163255662857
1802,2024-09-06,0.6856410764591797
1802,2024-09-13,0.578211888468735
1802,2024-09-20,0.517238673223815
1802,2024-09-30,0.4428658351080012
1801,2024-05-08,0.1938619577213685
1801,2024-05-16,0.2313332547447837
1801,2024-05-27,0.22304605722260992
1801,2024-06-13,0.24183138815804264
1801,2024-06-23,0.42066925218774864
1801,2024-07-06,0.6632899179932465
1801,2024-07-12,0.7044020281270835
1801,2024-07-19,0.7152740892066735
1801,2024-07-31,0.778035520115984
1801,2024-08-20,0.7790770168608598
1801,2024-08-25,0.7776428406199398
1801,2024-08-31,0.7595588978219137
1801,2024-09-06,0.6692890314830279
1801,2024-09-13,0.5481971855476756
1801,2024-09-20,0.4877126897921799
1801,2024-09-30,0.41553058078805205
1906,2024-05-08,0.18375480647786915
1906,2024-05-16,0.21140460467606637
1906,2024-05-27,0.21889058566181013
1906,2024-06-13,0.22377253345717066
1906,2024-06-23,0.3492683495598437
1906,2024-07-06,0.5977273308934559
1906,2024-07-12,0.6274298652529268
1906,2024-07-19,0.6887264717661192
1906,2024-07-31,0.7479270790072893
1906,2024-08-20,0.7304419197373536
1906,2024-08-25,0.7181394316163411
1906,2024-08-31,0.7032505110413727
1906,2024-09-06,0.6256116465592775
1906,2024-09-13,0.49212632093335773
1906,2024-09-20,0.42485382318251397
1906,2024-09-30,0.370636253111793
1905,2024-05-08,0.1837481826621591
1905,2024-05-16,0.2123064142882573
1905,2024-05-27,0.22466368538250608
1905,2024-06-13,0.24859920501891672
1905,2024-06-23,0.37451023645206355
1905,2024-07-06,0.5865215789131425
1905,2024-07-12,0.6501598074418973
1905,2024-07-19,0.6915925356163467
1905,2024-07-31,0.7468631957101725
1905,2024-08-20,0.7504962334090637
1905,2024-08-25,0.7353945892033412
1905,2024-08-31,0.7510608940147354
1905,2024-09-06,0.6847190374359107
1905,2024-09-13,0.5914161266333794
1905,2024-09-20,0.5452851820005732
1905,2024-09-30,0.44822123205318626
1904,2024-05-08,0.18306541019955652
1904,2024-05-16,0.22084200006972118
1904,2024-05-27,0.22858123070205535
1904,2024-06-13,0.24213807267960907
1904,2024-06-23,0.3569413614502404
1904,2024-07-06,0.5525897601430203
1904,2024-07-12,0.626571823985476
1904,2024-07-19,0.659338548802192
1904,2024-07-31,0.7477259871890907
1904,2024-08-20,0.7301622276695954
1904,2024-08-25,0.710207468879668
1904,2024-08-31,0.6987988643808692
1904,2024-09-06,0.6271647047405128
1904,2024-09-13,0.5044708096995517
1904,2024-09-20,0.4432737937892577
1904,2024-09-30,0.3810057844410341
1903,2024-05-08,0.18454373587863698
1903,2024-05-16,0.21132822215253524
1903,2024-05-27,0.2174296033120945
1903,2024-06-13,0.22985856675727848
1903,2024-06-23,0.3714980371163455
1903,2024-07-06,0.6232979066792592
1903,2024-07-12,0.6749638334998732
1903,2024-07-19,0.7158869755869238
1903,2024-07-31,0.7691801994600871
1903,2024-08-20,0.7582820173045445
1903,2024-08-25,0.7512010044764712
1903,2024-08-31,0.7592471498024053
1903,2024-09-06,0.699448819979932
1903,2024-09-13,0.5759388501163177
1903,2024-09-20,0.521395331239832
1903,2024-09-30,0.43390804597701155
1902,2024-05-08,0.18309515772101576
1902,2024-05-16,0.21314163765023025
1902,2024-05-27,0.230500224958076
1902,2024-06-13,0.22340547349135462
1902,2024-06-23,0.35143799656181757
1902,2024-07-06,0.6309314586994728
1902,2024-07-12,0.6404705750224619
1902,2024-07-19,0.7113902891320812
1902,2024-07-31,0.7698825057566274
1902,2024-08-20,0.7643679740538163
1902,2024-08-25,0.7425437279995635
1902,2024-08-31,0.7154427180562337
1902,2024-09-06,0.6302799726855917
1902,2024-09-13,0.5019455252918288
1902,2024-09-20,0.41958406837776735
1902,2024-09-30,0.3669027465883572
1901,2024-05-08,0.19458105224088337
1901,2024-05-16,0.21475619899736975
1901,2024-05-27,0.2154476326962771
1901,2024-06-13,0.23718449418643583
1901,2024-06-23,0.3758231018264004
1901,2024-07-06,0.6176870935364561
1901,2024-07-12,0.6792659017131104
1901,2024-07-19,0.7133925497486744
1901,2024-07-31,0.7799036340904941
1901,2024-08-20,0.7858851345778463
1901,2024-08-25,0.7795215473362742
1901,2024-08-31,0.761161915008069
1901,2024-09-06,0.6931010058081881
1901,2024-09-13,0.5981081926203877
1901,2024-09-20,0.5483011505079728
1901,2024-09-30,0.447614822795038
2005,2024-05-08,0.20098434961919673
2005,2024-05-16,0.20672825518563703
2005,2024-05-27,0.22704492482519237
2005,2024-06-13,0.2291411431709687
2005,2024-06-23,0.34940640940595197
2005,2024-07-06,0.5256048124992613
2005,2024-07-12,0.6096511901956162
2005,2024-07-19,0.6690080648158473
2005,2024-07-31,0.7452663284254237
2005,2024-08-20,0.741991480724806
2005,2024-08-25,0.7456203438589826
2005,2024-08-31,0.740681772950843
2005,2024-09-06,0.6891341743119265
2005,2024-09-13,0.6036140758744585
2005,2024-09-20,0.5638949346383139
2005,2024-09-30,0.4557074439404992
2006,2024-05-08,0.18136834689910963
2006,2024-05-16,0.2138145129996119
2006,2024-05-27,0.2236973854997218
2006,2024-06-13,0.2321266232212749
2006,2024-06-23,0.3621494107700176
2006,2024-07-06,0.6083380178278476
2006,2024-07-12,0.6451267584348199
2006,2024-07-19,0.6973295108241722
2006,2024-07-31,0.7541406532170682
2006,2024-08-20,0.7285185764160284
2006,2024-08-25,0.7226330071949612
2006,2024-08-31,0.7160834083973057
2006,2024-09-06,0.6405308519563724
2006,2024-09-13,0.527847942121084
2006,2024-09-20,0.4729228572086703
2006,2024-09-30,0.3961692047377327
2001,2024-05-08,0.18901734104046244
2001,2024-05-16,0.21973242566066278
2001,2024-05-27,0.23911381089318987
2001,2024-06-13,0.25307444868951257
2001,2024-06-23,0.37238750922055575
2001,2024-07-06,0.5907168980191155
2001,2024-07-12,0.6228708193460152
2001,2024-07-19,0.6798729544983775
2001,2024-07-31,0.7584204413472707
2001,2024-08-20,0.7631155182642596
2001,2024-08-25,0.7600166944908181
2001,2024-08-31,0.7470533044039172
2001,2024-09-06,0.674789315812027
2001,2024-09-13,0.5771853688778672
2001,2024-09-20,0.5332345786390877
2001,2024-09-30,0.45275923662686857
2002,2024-05-08,0.18736297378972527
2002,2024-05-16,0.21382210855356637
2002,2024-05-27,0.22406055747024708
2002,2024-06-13,0.2244287062243094
2002,2024-06-23,0.3551588459876939
2002,2024-07-06,0.6333174779345699
2002,2024-07-12,0.6552377670572019
2002,2024-07-19,0.7105415809734748
2002,2024-07-31,0.75305373367832
2002,2024-08-20,0.7446555161719096
2002,2024-08-25,0.7345710751955974
2002,2024-08-31,0.7188089597548694
2002,2024-09-06,0.6266042389532209
2002,2024-09-13,0.4938832661884641
2002,2024-09-20,0.4298012247766288
2002,2024-09-30,0.3735071355686178
2003,2024-05-08,0.18597500238196293
2003,2024-05-16,0.21349883471422265
2003,2024-05-27,0.2207811430368739
2003,2024-06-13,0.23747836177214712
2003,2024-06-23,0.35740377997776485
2003,2024-07-06,0.5596641599071733
2003,2024-07-12,0.6351450295691353
2003,2024-07-19,0.6390621102519332
2003,2024-07-31,0.7514651325340073
2003,2024-08-20,0.7435756767203221
2003,2024-08-25,0.7359759698082204
2003,2024-08-31,0.740531441625586
2003,2024-09-06,0.668460682588558
2003,2024-09-13,0.5630872405080977
2003,2024-09-20,0.49035724070566655
2003,2024-09-30,0.4168426181581939
2004,2024-05-08,0.19369615949753669
2004,2024-05-16,0.21796835119959157
2004,2024-05-27,0.22474239073300872
2004,2024-06-13,0.24860702561064987
2004,2024-06-23,0.35975840780940066
2004,2024-07-06,0.5920600187558612
2004,2024-07-12,0.6148680263121681
2004,2024-07-19,0.6246192626824913
2004,2024-07-31,0.7308469079383799
2004,2024-08-20,0.7064212831882045
2004,2024-08-25,0.7049447659126774
2004,2024-08-31,0.6886700066705459
2004,2024-09-06,0.6403283463524426
2004,2024-09-13,0.5303429435582224
2004,2024-09-20,0.4680013412983271
2004,2024-09-30,0.39977507936281975
2206,2024-05-08,0.1743359779234219
2206,2024-05-16,0.21337902506285986
2206,2024-05-27,0.21485896053088602
2206,2024-06-13,0.2376116332351428
2206,2024-06-23,0.37262773335032556
2206,2024-07-06,0.687039239001189
2206,2024-07-12,0.7283255171659443
2206,2024-07-19,0.7412843408943173
2206,2024-07-31,0.7666115617751463
2206,2024-08-20,0.7457344384169808
2206,2024-08-25,0.7503136921887477
2206,2024-08-31,0.7479348402988527
2206,2024-09-06,0.6892555541119918
2206,2024-09-13,0.5801705905594162
2206,2024-09-20,0.5323179254832024
2206,2024-09-30,0.44455394694835026
2204,2024-05-08,0.18854320200772814
2204,2024-05-16,0.21952124268243206
2204,2024-05-27,0.2297315611154548
2204,2024-06-13,0.24497991967871488
2204,2024-06-23,0.36474374255065556
2204,2024-07-06,0.6151981450252951
2204,2024-07-12,0.6257968699648325
2204,2024-07-19,0.6487524467900593
2204,2024-07-31,0.7269370422795248
2204,2024-08-20,0.7017744626287415
2204,2024-08-25,0.6945246588528396
2204,2024-08-31,0.6604147539311269
2204,2024-09-06,0.5717578618078042
2204,2024-09-13,0.457974242277525
2204,2024-09-20,0.38413087433368054
2204,2024-09-30,0.3475464069104944
2202,2024-05-08,0.1624908594080746
2202,2024-05-16,0.21831466812346356
2202,2024-05-27,0.22179927583325595
2202,2024-06-13,0.2305864884929473
2202,2024-06-23,0.3839388420245399
2202,2024-07-06,0.6785253116188368
2202,2024-07-12,0.6947013415273926
2202,2024-07-19,0.7320466902007265
2202,2024-07-31,0.763845780438652
2202,2024-08-20,0.7449204946996466
2202,2024-08-25,0.7576226675881135
2202,2024-08-31,0.7617624430372255
2202,2024-09-06,0.699978138890913
2202,2024-09-13,0.5992021834977955
2202,2024-09-20,0.5464465319290256
2202,2024-09-30,0.4510805256274521
2205,2024-05-08,0.18657095351407324
2205,2024-05-16,0.21672462670293474
2205,2024-05-27,0.2303919556741227
2205,2024-06-13,0.2526816275996962
2205,2024-06-23,0.3611952971143528
2205,2024-07-06,0.5756523477022621
2205,2024-07-12,0.6299322144273747
2205,2024-07-19,0.6604294478527608
2205,2024-07-31,0.7445021749637505
2205,2024-08-20,0.7368091818973022
2205,2024-08-25,0.7278936680819642
2205,2024-08-31,0.7282209576195561
2205,2024-09-06,0.666888067459859
2205,2024-09-13,0.5421637344472777
2205,2024-09-20,0.47835413920549996
2205,2024-09-30,0.40013758312313685
2203,2024-05-08,0.17202238081094318
2203,2024-05-16,0.20720738203588168
2203,2024-05-27,0.21543656536420647
2203,2024-06-13,0.22492539307825934
2203,2024-06-23,0.3534303534303534
2203,2024-07-06,0.6426776904805409
2203,2024-07-12,0.6610563116493944
2203,2024-07-19,0.6931940240210918
2203,2024-07-31,0.7536104262064106
2203,2024-08-20,0.7338615266363152
2203,2024-08-25,0.7314260447663093
2203,2024-08-31,0.7108901105689048
2203,2024-09-06,0.6399403658048799
2203,2024-09-13,0.4912454645177622
2203,2024-09-20,0.4402770253762892
2203,2024-09-30,0.38839032969150894
2201,2024-05-08,0.19286143720532867
2201,2024-05-16,0.22090805957179752
2201,2024-05-27,0.23091558721695557
2201,2024-06-13,0.2463315201428622
2201,2024-06-23,0.37404427314704747
2201,2024-07-06,0.4951660621665451
2201,2024-07-12,0.5073139158576052
2201,2024-07-19,0.5801813187521762
2201,2024-07-31,0.6754119460616311
2201,2024-08-20,0.6840867410508042
2201,2024-08-25,0.6861740407035322
2201,2024-08-31,0.6596009420966092
2201,2024-09-06,0.61708124867874
2201,2024-09-13,0.5344823151125403
2201,2024-09-20,0.44799915251992906
2201,2024-09-30,0.3935446911793527
2305,2024-05-08,0.18668467811116485
2305,2024-05-16,0.21179970938948722
2305,2024-05-27,0.22905860794483957
2305,2024-06-13,0.23177241358031037
2305,2024-06-23,0.34465075982859955
2305,2024-07-06,0.558659768415866
2305,2024-07-12,0.6244739869242979
2305,2024-07-19,0.6750728320435323
2305,2024-07-31,0.7459051756199885
2305,2024-08-20,0.7358082783902826
2305,2024-08-25,0.7313883441727919
2305,2024-08-31,0.7291409124623686
2305,2024-09-06,0.6593128184690711
2305,2024-09-13,0.5282434839736707
2305,2024-09-20,0.4619639503838735
2305,2024-09-30,0.40092881568533756
2301,2024-05-08,0.19833426696119985
2301,2024-05-16,0.2172562055136034
2301,2024-05-27,0.2260896765216641
2301,2024-06-13,0.23842372255008454
2301,2024-06-23,0.37401406297768275
2301,2024-07-06,0.49133128797449327
2301,2024-07-12,0.47777918016464027
2301,2024-07-19,0.5063313929064395
2301,2024-07-31,0.6036821435534635
2301,2024-08-20,0.6386490117060065
2301,2024-08-25,0.6094899427237439
2301,2024-08-31,0.5655350114675652
2301,2024-09-06,0.5268705304728359
2301,2024-09-13,0.45743626149006755
2301,2024-09-20,0.38717620407761255
2301,2024-09-30,0.33815745016330667
2302,2024-05-08,0.1827461310503786
2302,2024-05-16,0.21013382598116528
2302,2024-05-27,0.22273459749262683
2302,2024-06-13,0.2085256953822639
2302,2024-06-23,0.3611172844560373
2302,2024-07-06,0.6592817533667811
2302,2024-07-12,0.7093291731669267
2302,2024-07-19,0.737955768081291
2302,2024-07-31,0.7740426775796551
2302,2024-08-20,0.7550214210204196
2302,2024-08-25,0.758874617049383
2302,2024-08-31,0.7698988949690015
2302,2024-09-06,0.7048703244029787
2302,2024-09-13,0.601348859265504
2302,2024-09-20,0.5348059443860076
2302,2024-09-30,0.441192917054986
2303,2024-05-08,0.17867972749759628
2303,2024-05-16,0.20312381241924454
2303,2024-05-27,0.2182164502164502
2303,2024-06-13,0.22598129055233693
2303,2024-06-23,0.35512545085440606
2303,2024-07-06,0.6419679648716757
2303,2024-07-12,0.6397667032953763
2303,2024-07-19,0.6843063761302755
2303,2024-07-31,0.7520055981805913
2303,2024-08-20,0.7372545794216827
2303,2024-08-25,0.7276762402088772
2303,2024-08-31,0.7019501747266375
2303,2024-09-06,0.6407286178406726
2303,2024-09-13,0.5322395301327886
2303,2024-09-20,0.4651576670183402
2303,2024-09-30,0.40476425087451345
2304,2024-05-08,0.197275489466165
2304,2024-05-16,0.21321854521242425
2304,2024-05-27,0.2281140309762626
2304,2024-06-13,0.22645563649703895
2304,2024-06-23,0.38154759009775785
2304,2024-07-06,0.6269458281444582
2304,2024-07-12,0.6397889977392615
2304,2024-07-19,0.6763025964632231
2304,2024-07-31,0.7466398982391075
2304,2024-08-20,0.7213196149284197
2304,2024-08-25,0.7068593465035015
2304,2024-08-31,0.675234669707869
2304,2024-09-06,0.6052568155719694
2304,2024-09-13,0.47880751468845956
2304,2024-09-20,0.41192491718807506
2304,2024-09-30,0.35493609741370635
2306,2024-05-08,0.17517958343861678
2306,2024-05-16,0.21537925868090357
2306,2024-05-27,0.21998674720779038
2306,2024-06-13,0.2311279510346838
2306,2024-06-23,0.3940986527112793
2306,2024-07-06,0.6988639822717919
2306,2024-07-12,0.7338950422676673
2306,2024-07-19,0.7522181598006566
2306,2024-07-31,0.7746559409479006
2306,2024-08-20,0.755614612450601
2306,2024-08-25,0.7661329324880727
2306,2024-08-31,0.7625164413847144
2306,2024-09-06,0.697684299978755
2306,2024-09-13,0.5877210313148277
2306,2024-09-20,0.5503409748609679
2306,2024-09-30,0.45344117559920605
2406,2024-05-08,0.1774204285021444
2406,2024-05-16,0.2099647325740728
2406,2024-05-27,0.21362222829995647
2406,2024-06-13,0.22257364341085265
2406,2024-06-23,0.3980559893708771
2406,2024-07-06,0.7015621176803905
2406,2024-07-12,0.740109455852309
2406,2024-07-19,0.7543033113720294
2406,2024-07-31,0.7738797998538257
2406,2024-08-20,0.7513416815742398
2406,2024-08-25,0.7669316553835782
2406,2024-08-31,0.7550688896436641
2406,2024-09-06,0.6707137651766194
2406,2024-09-13,0.5532297881094425
2406,2024-09-20,0.49809521341384405
2406,2024-09-30,0.42462437016750143
2405,2024-05-08,0.16701818389101064
2405,2024-05-16,0.2149267073911499
2405,2024-05-27,0.21978352063804446
2405,2024-06-13,0.2273635633202167
2405,2024-06-23,0.34227920961194236
2405,2024-07-06,0.5876651539341522
2405,2024-07-12,0.609882890602685
2405,2024-07-19,0.6888497472813601
2405,2024-07-31,0.7481866314638959
2405,2024-08-20,0.7525345684165174
2405,2024-08-25,0.7386059939117634
2405,2024-08-31,0.7432465923172243
2405,2024-09-06,0.6899612067762553
2405,2024-09-13,0.5506681726461667
2405,2024-09-20,0.482395952678261
2405,2024-09-30,0.40302671883055835
2404,2024-05-08,0.18714253956063942
2404,2024-05-16,0.21138975720967396
2404,2024-05-27,0.22586681805757058
2404,2024-06-13,0.22999475616151024
2404,2024-06-23,0.3549887310843201
2404,2024-07-06,0.5712433765874164
2404,2024-07-12,0.5924105170128148
2404,2024-07-19,0.642154983739938
2404,2024-07-31,0.7315023379367127
2404,2024-08-20,0.7149727565884578
2404,2024-08-25,0.693191230879673
2404,2024-08-31,0.7003887612652413
2404,2024-09-06,0.6342217890588584
2404,2024-09-13,0.5107722404755335
2404,2024-09-20,0.4606669817225039
2404,2024-09-30,0.3829328087611386
2403,2024-05-08,0.17110814064825614
2403,2024-05-16,0.19596586159869783
2403,2024-05-27,0.2006075026578241
2403,2024-06-13,0.22504472271914133
2403,2024-06-23,0.37446001234257503
2403,2024-07-06,0.6275414563806777
2403,2024-07-12,0.654626951995373
2403,2024-07-19,0.7082588395693725
2403,2024-07-31,0.7491918916200957
2403,2024-08-20,0.7363908658734303
2403,2024-08-25,0.7277488377303534
2403,2024-08-31,0.6781262997862973
2403,2024-09-06,0.5923104523750379
2403,2024-09-13,0.45891219576183256
2403,2024-09-20,0.4215823549827068
2403,2024-09-30,0.36675505469008945
2402,2024-05-08,0.1730471946894608
2402,2024-05-16,0.19750105887335873
2402,2024-05-27,0.21809152114254238
2402,2024-06-13,0.21195397815912634
2402,2024-06-23,0.36385693550832954
2402,2024-07-06,0.652809333742708
2402,2024-07-12,0.6765032756200281
2402,2024-07-19,0.7278467398043756
2402,2024-07-31,0.7687184036725669
2402,2024-08-20,0.7528806855636124
2402,2024-08-25,0.7577222882811466
2402,2024-08-31,0.7625816143756862
2402,2024-09-06,0.6993828816742689
2402,2024-09-13,0.5580072570363832
2402,2024-09-20,0.4932728116261866
2402,2024-09-30,0.41778326112529773
2401,2024-05-08,0.19058247085569552
2401,2024-05-16,0.22450098313769887
2401,2024-05-27,0.23391386410432402
2401,2024-06-13,0.23741503409760928
2401,2024-06-23,0.37431683967281665
2401,2024-07-06,0.5789366000869542
2401,2024-07-12,0.6072485320496113
2401,2024-07-19,0.617515066034107
2401,2024-07-31,0.7111120740708642
2401,2024-08-20,0.7177879927566513
2401,2024-08-25,0.7078516276397471
2401,2024-08-31,0.6744701681640175
2401,2024-09-06,0.6110022436170515
2401,2024-09-13,0.5126816055158828
2401,2024-09-20,0.44248630928935373
2401,2024-09-30,0.3832923471115758
2503,2024-05-08,0.17104625230291864
2503,2024-05-16,0.19223292440500375
2503,2024-05-27,0.19830582970391972
2503,2024-06-13,0.2133474555299288
2503,2024-06-23,0.3830375025899579
2503,2024-07-06,0.6307045065601825
2503,2024-07-12,0.6825254069610576
2503,2024-07-19,0.7125431737349615
2503,2024-07-31,0.7630864340189507
2503,2024-08-20,0.7462723183862613
2503,2024-08-25,0.7450352157405186
2503,2024-08-31,0.7230144927536233
2503,2024-09-06,0.6687966070751472
2503,2024-09-13,0.5270167521032105
2503,2024-09-20,0.4741976319904685
2503,2024-09-30,0.40392668260523074
2506,2024-05-08,0.17013304063132798
2506,2024-05-16,0.21369969469886205
2506,2024-05-27,0.21192927958366528
2506,2024-06-13,0.23638711827688202
2506,2024-06-23,0.39022234626476876
2506,2024-07-06,0.7213265955650241
2506,2024-07-12,0.7481918509755768
2506,2024-07-19,0.7556072124143998
2506,2024-07-31,0.7714918963845409
2506,2024-08-20,0.7455243524672416
2506,2024-08-25,0.7624836564942832
2506,2024-08-31,0.7422661011305896
2506,2024-09-06,0.6508589910530517
2506,2024-09-13,0.5203943529061178
2506,2024-09-20,0.44782314402114914
2506,2024-09-30,0.3880959030972996
2501,2024-05-08,0.18079926412509878
2501,2024-05-16,0.2208203383423117
2501,2024-05-27,0.2241688983533916
2501,2024-06-13,0.23483719459874453
2501,2024-06-23,0.39010689894090855
2501,2024-07-06,0.6040813723614564
2501,2024-07-12,0.620348678005294
2501,2024-07-19,0.6638788695548774
2501,2024-07-31,0.7404033256677871
2501,2024-08-20,0.7478370786516855
2501,2024-08-25,0.7479555700937237
2501,2024-08-31,0.7250251608103969
2501,2024-09-06,0.644914707617989
2501,2024-09-13,0.5223959248199544
2501,2024-09-20,0.4280095519033572
2501,2024-09-30,0.38214942629412274
2504,2024-05-08,0.19556407338643667
2504,2024-05-16,0.21374180981051885
2504,2024-05-27,0.22916450009359593
2504,2024-06-13,0.22928551167701475
2504,2024-06-23,0.33761821904998646
2504,2024-07-06,0.5522513035866077
2504,2024-07-12,0.5753021137183337
2504,2024-07-19,0.5914526183026511
2504,2024-07-31,0.7214037050851673
2504,2024-08-20,0.722842174015759
2504,2024-08-25,0.7134289037429408
2504,2024-08-31,0.7178982860354031
2504,2024-09-06,0.6620307585769108
2504,2024-09-13,0.5491336953710886
2504,2024-09-20,0.503939643629622
2504,2024-09-30,0.42214080869656606
2505,2024-05-08,0.1939398654167801
2505,2024-05-16,0.21826923076923077
2505,2024-05-27,0.2171909395766042
2505,2024-06-13,0.22829424546298466
2505,2024-06-23,0.3520846355070954
2505,2024-07-06,0.6238964777239492
2505,2024-07-12,0.6400083338293946
2505,2024-07-19,0.7073987193305015
2505,2024-07-31,0.758823016818195
2505,2024-08-20,0.7555497374984498
2505,2024-08-25,0.7519103558394161
2505,2024-08-31,0.7543529411764706
2505,2024-09-06,0.6805069568811132
2505,2024-09-13,0.5396819284531557
2505,2024-09-20,0.4719842292819774
2505,2024-09-30,0.3992579015601949
2606,2024-05-08,0.1781406197934022
2606,2024-05-16,0.20622489959839357
2606,2024-05-27,0.2113436866981769
2606,2024-06-13,0.2439287123644159
2606,2024-06-23,0.4079822102800491
2606,2024-07-06,0.7159594881374456
2606,2024-07-12,0.7436514177344002
2606,2024-07-19,0.7610098803435777
2606,2024-07-31,0.76463334429464
2606,2024-08-20,0.7378334561532794
2606,2024-08-25,0.7482403517891513
2606,2024-08-31,0.7459833231645313
2606,2024-09-06,0.6621310028751173
2606,2024-09-13,0.5494061093165806
2606,2024-09-20,0.48668571886434653
2606,2024-09-30,0.4057644948466146
2605,2024-05-08,0.18551597872732026
2605,2024-05-16,0.21550405297408376
2605,2024-05-27,0.21182437624878325
2605,2024-06-13,0.22240192419341465
2605,2024-06-23,0.3630733944954128
2605,2024-07-06,0.6508692239393667
2605,2024-07-12,0.6907787805142336
2605,2024-07-19,0.7119950899535847
2605,2024-07-31,0.7487775242272472
2605,2024-08-20,0.7456003564268211
2605,2024-08-25,0.7395582922131783
2605,2024-08-31,0.7429341502570068
2605,2024-09-06,0.6700789704591986
2605,2024-09-13,0.5512135512135513
2605,2024-09-20,0.5022130806082065
2605,2024-09-30,0.4088767055779715
2603,2024-05-08,0.16528183897397297
2603,2024-05-16,0.19416865380446566
2603,2024-05-27,0.19812412810542873
2603,2024-06-13,0.2193225876286631
2603,2024-06-23,0.37461816162177175
2603,2024-07-06,0.6315484153574769
2603,2024-07-12,0.6917649214979533
2603,2024-07-19,0.7188459783158387
2603,2024-07-31,0.7696967985200039
2603,2024-08-20,0.7581418013481687
2603,2024-08-25,0.7501548456361059
2603,2024-08-31,0.7477170761263146
2603,2024-09-06,0.6892272366946397
2603,2024-09-13,0.5898085261501861
2603,2024-09-20,0.5340346694996502
2603,2024-09-30,0.4506247051483009
2604,2024-05-08,0.18728086788457993
2604,2024-05-16,0.21715369303793738
2604,2024-05-27,0.2186966689842615
2604,2024-06-13,0.23768061861226858
2604,2024-06-23,0.33862534915367537
2604,2024-07-06,0.5225369895926548
2604,2024-07-12,0.5832522491504871
2604,2024-07-19,0.5782629674306393
2604,2024-07-31,0.7175506417194991
2604,2024-08-20,0.7177534178405055
2604,2024-08-25,0.7110048386869242
2604,2024-08-31,0.721441019169521
2604,2024-09-06,0.6401820992956537
2604,2024-09-13,0.5370661130214753
2604,2024-09-20,0.47294880103694104
2604,2024-09-30,0.39171252832631914
2602,2024-05-08,0.1554709731859924
2602,2024-05-16,0.19956344146441615
2602,2024-05-27,0.20046415477026283
2602,2024-06-13,0.2105736124153111
2602,2024-06-23,0.3954772459457943
2602,2024-07-06,0.6799124219851016
2602,2024-07-12,0.7205694526650259
2602,2024-07-19,0.7562301530258876
2602,2024-07-31,0.7703968414075335
2602,2024-08-20,0.7572642054045138
2602,2024-08-25,0.7647953182822227
2602,2024-08-31,0.7515148725972971
2602,2024-09-06,0.690478244615075
2602,2024-09-13,0.5499980801965879
2602,2024-09-20,0.4839316016185876
2602,2024-09-30,0.40277483263154706
2601,2024-05-08,0.17531465834589627
2601,2024-05-16,0.2273401424228718
2601,2024-05-27,0.237662115716917
2601,2024-06-13,0.26613534025326085
2601,2024-06-23,0.3863736554399576
2601,2024-07-06,0.5923727370750809
2601,2024-07-12,0.66333788346864
2601,2024-07-19,0.6753410034396868
2601,2024-07-31,0.7387409738453704
2601,2024-08-20,0.7451288996254408
2601,2024-08-25,0.7340853951403343
2601,2024-08-31,0.7187297807914284
2601,2024-09-06,0.6367794259150494
2601,2024-09-13,0.5100214902855138
2601,2024-09-20,0.44017074915072413
2601,2024-09-30,0.36650469368570177
2706,2024-05-08,0.15595608348634163
2706,2024-05-16,0.2077106827398478
2706,2024-05-27,0.21669657267159195
2706,2024-06-13,0.23437383832697845
2706,2024-06-23,0.3918216646025996
2706,2024-07-06,0.6638588346873323
2706,2024-07-12,0.7134439401830222
2706,2024-07-19,0.7326237308088488
2706,2024-07-31,0.7134334893139589
2706,2024-08-20,0.7186540882282222
2706,2024-08-25,0.7052611100302938
2706,2024-08-31,0.6853505386254968
2706,2024-09-06,0.6267586864733689
2706,2024-09-13,0.5099937017185312
2706,2024-09-20,0.4490751766293562
2706,2024-09-30,0.38100696853600413
2704,2024-05-08,0.1873631529558962
2704,2024-05-16,0.23316419940367214
2704,2024-05-27,0.2328738453342466
2704,2024-06-13,0.23682080924855495
2704,2024-06-23,0.36321895934364884
2704,2024-07-06,0.5678707750179788
2704,2024-07-12,0.6188389621484576
2704,2024-07-19,0.6303063592238451
2704,2024-07-31,0.6825229960578186
2704,2024-08-20,0.6918064113085978
2704,2024-08-25,0.6725791287997493
2704,2024-08-31,0.6724725831720577
2704,2024-09-06,0.6200359365641519
2704,2024-09-13,0.5324215986795567
2704,2024-09-20,0.4837619047619048
2704,2024-09-30,0.4057842539752895
2705,2024-05-08,0.16833769116457556
2705,2024-05-16,0.21805447118594204
2705,2024-05-27,0.22421282872984385
2705,2024-06-13,0.22589315949881483
2705,2024-06-23,0.3650399087799316
2705,2024-07-06,0.619775880066909
2705,2024-07-12,0.6821998450813322
2705,2024-07-19,0.7088344769959233
2705,2024-07-31,0.7156421643099217
2705,2024-08-20,0.7198534263692139
2705,2024-08-25,0.7106337603299986
2705,2024-08-31,0.7001403975467375
2705,2024-09-06,0.6258156840297652
2705,2024-09-13,0.5062744396452578
2705,2024-09-20,0.4601801050395528
2705,2024-09-30,0.3963143401821649
2703,2024-05-08,0.17229661095207316
2703,2024-05-16,0.19396272200489506
2703,2024-05-27,0.2018211775258114
2703,2024-06-13,0.22689849962941444
2703,2024-06-23,0.32467620075553155
2703,2024-07-06,0.5582812138058837
2703,2024-07-12,0.6286890574214518
2703,2024-07-19,0.6949859528161845
2703,2024-07-31,0.7041210735478253
2703,2024-08-20,0.7245726440299863
2703,2024-08-25,0.7018110569794536
2703,2024-08-31,0.70548888178114
2703,2024-09-06,0.6549078498293516
2703,2024-09-13,0.5806171894924764
2703,2024-09-20,0.5188935212758917
2703,2024-09-30,0.4154215622197565
2702,2024-05-08,0.1512690355329949
2702,2024-05-16,0.20520554661436965
2702,2024-05-27,0.2039770779252584
2702,2024-06-13,0.22789358704751014
2702,2024-06-23,0.3756290237996942
2702,2024-07-06,0.6449854037491858
2702,2024-07-12,0.6927983884505624
2702,2024-07-19,0.7214781137388115
2702,2024-07-31,0.7312230622482865
2702,2024-08-20,0.7277846970271296
2702,2024-08-25,0.7265899826902674
2702,2024-08-31,0.7111381689569201
2702,2024-09-06,0.6382601410319066
2702,2024-09-13,0.5191449025917334
2702,2024-09-20,0.4428113205116644
2702,2024-09-30,0.361791730474732
2701,2024-05-08,0.1820349635993241
2701,2024-05-16,0.22375011903628228
2701,2024-05-27,0.23584025664943464
2701,2024-06-13,0.29362029208301305
2701,2024-06-23,0.39517742237463166
2701,2024-07-06,0.6125767604243513
2701,2024-07-12,0.6668839974963489
2701,2024-07-19,0.6709542644454578
2701,2024-07-31,0.7012646203170457
2701,2024-08-20,0.7036208522490516
2701,2024-08-25,0.7006143267767571
2701,2024-08-31,0.6687298299696546
2701,2024-09-06,0.6028477469088508
2701,2024-09-13,0.5124181236918013
2701,2024-09-20,0.44439942853487435
2701,2024-09-30,0.3780968222008229
