"","Team","Date","daily_avg_moist","sensor"
"1",12,2024-06-07,56.8624666666667,"aqua"
"2",12,2024-06-08,54.4635364583333,"aqua"
"3",12,2024-06-09,53.5718958333333,"aqua"
"4",12,2024-06-10,52.0534166666667,"aqua"
"5",12,2024-06-11,49.9818958333333,"aqua"
"6",12,2024-06-12,48.0045729166667,"aqua"
"7",12,2024-06-13,45.4017708333333,"aqua"
"8",12,2024-06-14,42.9484270833333,"aqua"
"9",12,2024-06-15,41.98125,"aqua"
"10",12,2024-06-16,40.7959895833333,"aqua"
"11",12,2024-06-17,38.79703125,"aqua"
"12",12,2024-06-18,36.91578125,"aqua"
"13",12,2024-06-19,35.7601666666667,"aqua"
"14",12,2024-06-20,35.583,"aqua"
"15",12,2024-06-21,34.8990520833333,"aqua"
"16",12,2024-06-22,33.63715625,"aqua"
"17",12,2024-06-23,32.77878125,"aqua"
"18",12,2024-06-24,31.7527604166667,"aqua"
"19",12,2024-06-25,40.7528125,"aqua"
"20",12,2024-06-26,63.2982291666667,"aqua"
"21",12,2024-06-27,53.0793854166667,"aqua"
"22",12,2024-06-28,47.20725,"aqua"
"23",12,2024-06-29,43.0747291666667,"aqua"
"24",12,2024-06-30,41.5564270833333,"aqua"
"25",12,2024-07-01,49.913375,"aqua"
"26",12,2024-07-02,62.9509895833333,"aqua"
"27",12,2024-07-03,66.4661666666667,"aqua"
"28",12,2024-07-04,62.2031666666667,"aqua"
"29",12,2024-07-05,52.2176145833333,"aqua"
"30",12,2024-07-06,51.393734375,"aqua"
"31",12,2024-07-07,51.3963541666667,"aqua"
"32",12,2024-07-08,51.752375,"aqua"
"33",12,2024-07-09,43.62965625,"aqua"
"34",12,2024-07-10,40.0086458333333,"aqua"
"35",12,2024-07-11,57.3927708333333,"aqua"
"36",12,2024-07-12,44.5853541666667,"aqua"
"37",12,2024-07-13,39.0688333333333,"aqua"
"38",12,2024-07-14,36.5786770833333,"aqua"
"39",12,2024-07-15,34.7015104166667,"aqua"
"40",12,2024-07-16,37.1419583333333,"aqua"
"41",12,2024-07-17,43.5276458333333,"aqua"
"42",12,2024-07-18,46.6660625,"aqua"
"43",12,2024-07-19,39.9034583333333,"aqua"
"44",12,2024-07-20,57.3669479166667,"aqua"
"45",12,2024-07-21,52.563125,"aqua"
"46",12,2024-07-22,44.2458958333333,"aqua"
"47",12,2024-07-23,40.1933541666667,"aqua"
"48",12,2024-07-24,48.04346875,"aqua"
"49",12,2024-07-25,41.1605729166667,"aqua"
"50",12,2024-07-26,37.5578125,"aqua"
"51",12,2024-07-27,35.7483958333333,"aqua"
"52",12,2024-07-28,34.60796875,"aqua"
"53",12,2024-07-29,33.4664895833333,"aqua"
"54",12,2024-07-30,33.5923958333333,"aqua"
"55",12,2024-07-31,45.83778125,"aqua"
"56",12,2024-08-01,37.6866822916667,"aqua"
"57",12,2024-08-02,34.9076354166667,"aqua"
"58",12,2024-08-03,33.5534166666667,"aqua"
"59",12,2024-08-04,32.4512604166667,"aqua"
"60",12,2024-08-05,31.3907916666667,"aqua"
"61",12,2024-08-06,35.79878125,"aqua"
"62",12,2024-08-07,43.9755104166667,"aqua"
"63",12,2024-08-08,56.9184895833333,"aqua"
"64",12,2024-08-09,55.80559375,"aqua"
"65",12,2024-08-10,54.3080625,"aqua"
"66",12,2024-08-11,52.0765520833333,"aqua"
"67",12,2024-08-12,58.0795208333333,"aqua"
"68",12,2024-08-13,60.4135208333333,"aqua"
"69",12,2024-08-14,55.1595416666667,"aqua"
"70",12,2024-08-15,45.9521666666667,"aqua"
"71",12,2024-08-16,41.6521458333333,"aqua"
"72",12,2024-08-17,39.3042604166667,"aqua"
"73",12,2024-08-18,37.1127291666667,"aqua"
"74",12,2024-08-19,35.46503125,"aqua"
"75",12,2024-08-20,36.4729427083333,"aqua"
"76",12,2024-08-21,45.7877604166667,"aqua"
"77",12,2024-08-22,40.054625,"aqua"
"78",12,2024-08-23,49.4898854166667,"aqua"
"79",12,2024-08-24,46.6465208333333,"aqua"
"80",12,2024-08-25,38.1318020833333,"aqua"
"81",12,2024-08-26,35.0273229166667,"aqua"
"82",12,2024-08-27,41.90696875,"aqua"
"83",12,2024-08-28,36.2840572916667,"aqua"
"84",12,2024-08-29,33.8153541666667,"aqua"
"85",12,2024-08-30,33.07053125,"aqua"
"86",12,2024-08-31,31.8484375,"aqua"
"87",12,2024-09-01,30.96303125,"aqua"
"88",12,2024-09-02,30.3810625,"aqua"
"89",12,2024-09-03,29.7564375,"aqua"
"90",12,2024-09-04,29.222375,"aqua"
"91",12,2024-09-05,28.826734375,"aqua"
"92",12,2024-09-06,28.5268541666667,"aqua"
"93",12,2024-09-07,28.400625,"aqua"
"94",12,2024-09-08,28.2299375,"aqua"
"95",12,2024-09-09,28.0865416666667,"aqua"
"96",12,2024-09-10,28.46496875,"aqua"
"97",12,2024-09-11,30.5363854166667,"aqua"
"98",12,2024-09-12,29.9478958333333,"aqua"
"99",12,2024-09-13,29.5968645833333,"aqua"
"100",12,2024-09-14,29.1639375,"aqua"
"101",12,2024-09-15,28.7686666666667,"aqua"
"102",12,2024-09-16,28.8544827586207,"aqua"
"103",14,2024-06-11,46.9249390243902,"aqua"
"104",14,2024-06-12,45.4891822916667,"aqua"
"105",14,2024-06-13,43.2729427083333,"aqua"
"106",14,2024-06-14,40.9641458333333,"aqua"
"107",14,2024-06-15,39.5344791666667,"aqua"
"108",14,2024-06-16,38.2315208333333,"aqua"
"109",14,2024-06-17,36.0605677083333,"aqua"
"110",14,2024-06-18,34.0896614583333,"aqua"
"111",14,2024-06-19,33.4313385416667,"aqua"
"112",14,2024-06-20,33.0565885416667,"aqua"
"113",14,2024-06-21,32.2909791666667,"aqua"
"114",14,2024-06-22,31.645359375,"aqua"
"115",14,2024-06-23,31.1516770833333,"aqua"
"116",14,2024-06-24,30.3577395833333,"aqua"
"117",14,2024-06-25,31.3992239583333,"aqua"
"118",14,2024-06-26,43.3853385416667,"aqua"
"119",14,2024-06-27,39.358375,"aqua"
"120",14,2024-06-28,36.97834375,"aqua"
"121",14,2024-06-29,35.1787291666667,"aqua"
"122",14,2024-06-30,34.1418645833333,"aqua"
"123",14,2024-07-01,35.164984375,"aqua"
"124",14,2024-07-02,37.82575,"aqua"
"125",14,2024-07-03,44.322703125,"aqua"
"126",14,2024-07-04,44.897546875,"aqua"
"127",14,2024-07-05,42.2469635416667,"aqua"
"128",14,2024-07-06,42.4039739583333,"aqua"
"129",14,2024-07-07,42.243578125,"aqua"
"130",14,2024-07-08,42.5767395833333,"aqua"
"131",14,2024-07-09,38.42465625,"aqua"
"132",14,2024-07-10,36.2120520833333,"aqua"
"133",14,2024-07-11,35.8014791666667,"aqua"
"134",14,2024-07-12,34.5058697916667,"aqua"
"135",14,2024-07-13,33.4935885416667,"aqua"
"136",14,2024-07-14,32.56878125,"aqua"
"137",14,2024-07-15,31.6190625,"aqua"
"138",14,2024-07-16,31.5765677083333,"aqua"
"139",14,2024-07-17,33.0017291666667,"aqua"
"140",14,2024-07-18,33.9599354166667,"aqua"
"141",14,2024-07-19,33.2121635416667,"aqua"
"142",14,2024-07-20,42.6684933333333,"aqua"
"143",14,2024-07-21,42.32434875,"aqua"
"144",14,2024-07-22,38.3611110416667,"aqua"
"145",14,2024-07-23,36.49500546875,"aqua"
"146",14,2024-07-24,39.9838399479167,"aqua"
"147",14,2024-07-25,36.4360829166667,"aqua"
"148",14,2024-07-26,34.2973709375,"aqua"
"149",14,2024-07-27,33.0357483333333,"aqua"
"150",14,2024-07-28,32.12652453125,"aqua"
"151",14,2024-07-29,31.2435101041667,"aqua"
"152",14,2024-07-30,31.00549078125,"aqua"
"153",14,2024-07-31,37.2335736979167,"aqua"
"154",14,2024-08-01,35.2453068229167,"aqua"
"155",14,2024-08-02,33.0107972916667,"aqua"
"156",14,2024-08-03,32.06972609375,"aqua"
"157",14,2024-08-04,31.14054609375,"aqua"
"158",14,2024-08-05,30.6467330208333,"aqua"
"159",14,2024-08-06,30.358121875,"aqua"
"160",14,2024-08-07,33.1514979166667,"aqua"
"161",14,2024-08-08,39.594296875,"aqua"
"162",14,2024-08-09,40.7652266666667,"aqua"
"163",14,2024-08-10,40.6023111111111,"aqua"
"164",14,2024-08-12,47.8006,"aqua"
"165",14,2024-08-13,47.7541666666667,"aqua"
"166",14,2024-08-14,52.3889601204819,"aqua"
"167",14,2024-08-15,48.1032376041667,"aqua"
"168",14,2024-08-16,41.5676644791667,"aqua"
"169",14,2024-08-17,37.6786115625,"aqua"
"170",14,2024-08-18,35.2595,"aqua"
"171",14,2024-08-19,33.9777395833333,"aqua"
"172",14,2024-08-20,33.8655364583333,"aqua"
"173",14,2024-08-21,43.189765625,"aqua"
"174",14,2024-08-22,38.6285625,"aqua"
"175",14,2024-08-23,39.1493714285714,"aqua"
"176",14,2024-08-25,35.5508779878049,"aqua"
"177",14,2024-08-26,33.2984097395833,"aqua"
"178",14,2024-08-27,36.9383082291667,"aqua"
"179",14,2024-08-28,33.962183125,"aqua"
"180",14,2024-08-29,32.0763535416667,"aqua"
"181",14,2024-08-30,31.4423146875,"aqua"
"182",14,2024-08-31,30.6279463541667,"aqua"
"183",14,2024-09-01,30.077296875,"aqua"
"184",14,2024-09-02,29.6709114583333,"aqua"
"185",14,2024-09-03,29.2225208333333,"aqua"
"186",14,2024-09-04,28.8336666666667,"aqua"
"187",14,2024-09-05,28.4144791666667,"aqua"
"188",14,2024-09-06,28.1093385416667,"aqua"
"189",14,2024-09-07,27.9346510416667,"aqua"
"190",14,2024-09-08,27.6883333333333,"aqua"
"191",14,2024-09-09,27.4991510416667,"aqua"
"192",14,2024-09-10,27.3513333333333,"aqua"
"193",14,2024-09-11,29.689921875,"aqua"
"194",14,2024-09-12,29.3360416666667,"aqua"
"195",14,2024-09-13,29.17575,"aqua"
"196",14,2024-09-14,28.9391197916667,"aqua"
"197",14,2024-09-15,28.6265702604167,"aqua"
"198",14,2024-09-16,28.4039304098361,"aqua"
"199",16,2024-06-07,58.47608,"aqua"
"200",16,2024-06-08,56.7262083333333,"aqua"
"201",16,2024-06-09,55.7001041666667,"aqua"
"202",16,2024-06-10,55.09528125,"aqua"
"203",16,2024-06-11,53.95284375,"aqua"
"204",16,2024-06-12,53.0284270833333,"aqua"
"205",16,2024-06-13,51.7138020833333,"aqua"
"206",16,2024-06-14,50.05040625,"aqua"
"207",16,2024-06-15,48.6780625,"aqua"
"208",16,2024-06-16,47.6505677083333,"aqua"
"209",16,2024-06-17,45.693375,"aqua"
"210",16,2024-06-18,43.6055208333333,"aqua"
"211",16,2024-06-19,42.61378125,"aqua"
"212",16,2024-06-20,42.17609375,"aqua"
"213",16,2024-06-21,41.2014895833333,"aqua"
"214",16,2024-06-22,40.1206145833333,"aqua"
"215",16,2024-06-23,39.4650416666667,"aqua"
"216",16,2024-06-24,38.3283541666667,"aqua"
"217",16,2024-06-25,47.0206145833333,"aqua"
"218",16,2024-06-26,64.7684791666667,"aqua"
"219",16,2024-06-27,57.1125572916667,"aqua"
"220",16,2024-06-28,52.7671041666667,"aqua"
"221",16,2024-06-29,50.0171145833333,"aqua"
"222",16,2024-06-30,49.1983125,"aqua"
"223",16,2024-07-01,55.7620885416667,"aqua"
"224",16,2024-07-02,63.2713125,"aqua"
"225",16,2024-07-03,68.6219791666667,"aqua"
"226",16,2024-07-04,64.6729166666667,"aqua"
"227",16,2024-07-05,59.4040520833333,"aqua"
"228",16,2024-07-06,59.24790625,"aqua"
"229",16,2024-07-07,60.5301770833333,"aqua"
"230",16,2024-07-08,60.779625,"aqua"
"231",16,2024-07-09,57.5538125,"aqua"
"232",16,2024-07-10,56.60228125,"aqua"
"233",16,2024-07-11,52.2425625,"aqua"
"234",16,2024-07-12,48.5081770833333,"aqua"
"235",16,2024-07-13,45.6522291666667,"aqua"
"236",16,2024-07-14,43.8314270833333,"aqua"
"237",16,2024-07-15,42.24565625,"aqua"
"238",16,2024-07-16,42.7035520833333,"aqua"
"239",16,2024-07-17,48.19759375,"aqua"
"240",16,2024-07-18,53.3801041666667,"aqua"
"241",16,2024-07-19,49.8320625,"aqua"
"242",16,2024-07-20,64.0684895833333,"aqua"
"243",16,2024-07-21,61.7119895833333,"aqua"
"244",16,2024-07-22,56.75825,"aqua"
"245",16,2024-07-23,52.8528958333333,"aqua"
"246",16,2024-07-24,57.9896041666667,"aqua"
"247",16,2024-07-25,55.87396875,"aqua"
"248",16,2024-07-26,51.20146875,"aqua"
"249",16,2024-07-27,48.04409375,"aqua"
"250",16,2024-07-28,46.3172604166667,"aqua"
"251",16,2024-07-29,44.7123333333333,"aqua"
"252",16,2024-07-30,45.20753125,"aqua"
"253",16,2024-07-31,57.6191041666667,"aqua"
"254",16,2024-08-01,50.2982083333333,"aqua"
"255",16,2024-08-02,46.0618020833333,"aqua"
"256",16,2024-08-03,44.0288854166667,"aqua"
"257",16,2024-08-04,42.5278020833333,"aqua"
"258",16,2024-08-05,41.0844895833333,"aqua"
"259",16,2024-08-06,39.7863489583333,"aqua"
"260",16,2024-08-07,42.4901666666667,"aqua"
"261",16,2024-08-08,57.3837916666667,"aqua"
"262",16,2024-08-09,55.5604375,"aqua"
"263",16,2024-08-10,54.5131458333333,"aqua"
"264",16,2024-08-11,53.6702291666667,"aqua"
"265",16,2024-08-12,61.4503229166667,"aqua"
"266",16,2024-08-13,66.0420520833333,"aqua"
"267",16,2024-08-14,68.1291145833333,"aqua"
"268",16,2024-08-15,62.6865,"aqua"
"269",16,2024-08-16,57.169046875,"aqua"
"270",16,2024-08-17,53.7492604166667,"aqua"
"271",16,2024-08-18,50.26934375,"aqua"
"272",16,2024-08-19,47.8798125,"aqua"
"273",16,2024-08-20,49.3754166666667,"aqua"
"274",16,2024-08-21,61.9607395833333,"aqua"
"275",16,2024-08-22,58.62021875,"aqua"
"276",16,2024-08-23,64.1071979166667,"aqua"
"277",16,2024-08-24,62.9843645833333,"aqua"
"278",16,2024-08-25,57.0643333333333,"aqua"
"279",16,2024-08-26,52.3129270833333,"aqua"
"280",16,2024-08-27,55.1578020833333,"aqua"
"281",16,2024-08-28,52.8638020833333,"aqua"
"282",16,2024-08-29,49.6233645833333,"aqua"
"283",16,2024-08-30,48.4068020833333,"aqua"
"284",16,2024-08-31,46.4897916666667,"aqua"
"285",16,2024-09-01,44.9273125,"aqua"
"286",16,2024-09-02,43.7986979166667,"aqua"
"287",16,2024-09-03,42.7229375,"aqua"
"288",16,2024-09-04,41.7131979166667,"aqua"
"289",16,2024-09-05,40.8772395833333,"aqua"
"290",16,2024-09-06,40.27125,"aqua"
"291",16,2024-09-07,39.93646875,"aqua"
"292",16,2024-09-08,39.5492395833333,"aqua"
"293",16,2024-09-09,39.1892916666667,"aqua"
"294",16,2024-09-10,38.7065729166667,"aqua"
"295",16,2024-09-11,38.2202682926829,"aqua"
"296",25,2024-06-07,61.9560864197531,"aqua"
"297",25,2024-06-08,58.2104270833333,"aqua"
"298",25,2024-06-09,57.3738020833333,"aqua"
"299",25,2024-06-10,56.2627604166667,"aqua"
"300",25,2024-06-11,54.4107395833333,"aqua"
"301",25,2024-06-12,52.8351875,"aqua"
"302",25,2024-06-13,50.6999895833333,"aqua"
"303",25,2024-06-14,48.2594791666667,"aqua"
"304",25,2024-06-15,46.67915625,"aqua"
"305",25,2024-06-16,45.1031979166667,"aqua"
"306",25,2024-06-17,42.5388125,"aqua"
"307",25,2024-06-18,47.68384375,"aqua"
"308",25,2024-06-19,61.4627291666667,"aqua"
"309",25,2024-06-20,58.6326875,"aqua"
"310",25,2024-06-21,53.0999583333333,"aqua"
"311",25,2024-06-22,49.3015104166667,"aqua"
"312",25,2024-06-23,46.24396875,"aqua"
"313",25,2024-06-24,43.29628125,"aqua"
"314",25,2024-06-25,41.0974915254237,"aqua"
"315",25,2024-07-03,58.9223863636364,"aqua"
"316",25,2024-07-04,63.0049375,"aqua"
"317",25,2024-07-05,56.2546458333333,"aqua"
"318",25,2024-07-06,56.207625,"aqua"
"319",25,2024-07-07,56.5467291666667,"aqua"
"320",25,2024-07-08,56.9999114583333,"aqua"
"321",25,2024-07-09,49.687375,"aqua"
"322",25,2024-07-10,45.2584791666667,"aqua"
"323",25,2024-07-11,42.7058958333333,"aqua"
"324",25,2024-07-12,40.8433333333333,"aqua"
"325",25,2024-07-13,38.9770104166667,"aqua"
"326",25,2024-07-14,37.4090833333333,"aqua"
"327",25,2024-07-15,36.1721354166667,"aqua"
"328",25,2024-07-16,37.1009166666667,"aqua"
"329",25,2024-07-17,41.8415520833333,"aqua"
"330",25,2024-07-18,45.31446875,"aqua"
"331",25,2024-07-19,42.7174270833333,"aqua"
"332",25,2024-07-20,61.3591770833333,"aqua"
"333",25,2024-07-21,60.0213854166667,"aqua"
"334",25,2024-07-22,55.6916875,"aqua"
"335",25,2024-07-23,52.2592604166667,"aqua"
"336",25,2024-07-24,54.0832395833333,"aqua"
"337",25,2024-07-25,49.6864583333333,"aqua"
"338",25,2024-07-26,45.0400520833333,"aqua"
"339",25,2024-07-27,42.2481041666667,"aqua"
"340",25,2024-07-28,40.60371875,"aqua"
"341",25,2024-07-29,39.1040625,"aqua"
"342",25,2024-07-30,40.2581458333333,"aqua"
"343",25,2024-07-31,46.89565625,"aqua"
"344",25,2024-08-01,41.5630260416667,"aqua"
"345",25,2024-08-02,39.0080833333333,"aqua"
"346",25,2024-08-03,37.7864270833333,"aqua"
"347",25,2024-08-04,36.7190104166667,"aqua"
"348",25,2024-08-05,35.5073854166667,"aqua"
"349",25,2024-08-06,35.6673958333333,"aqua"
"350",25,2024-08-07,41.7966354166667,"aqua"
"351",25,2024-08-08,52.5983020833333,"aqua"
"352",25,2024-08-09,50.8505416666667,"aqua"
"353",25,2024-08-10,50.17159375,"aqua"
"354",25,2024-08-11,49.3728072916667,"aqua"
"355",25,2024-08-12,55.0069895833333,"aqua"
"356",25,2024-08-13,56.492,"aqua"
"357",25,2024-08-14,53.22034375,"aqua"
"358",25,2024-08-15,47.5497708333333,"aqua"
"359",25,2024-08-16,43.2862083333333,"aqua"
"360",25,2024-08-17,41.21028125,"aqua"
"361",25,2024-08-18,39.5242604166667,"aqua"
"362",25,2024-08-19,38.19059375,"aqua"
"363",25,2024-08-20,39.2223645833333,"aqua"
"364",25,2024-08-21,45.3159166666667,"aqua"
"365",25,2024-08-22,43.2602708333333,"aqua"
"366",25,2024-08-23,47.192375,"aqua"
"367",25,2024-08-24,46.73009375,"aqua"
"368",25,2024-08-25,41.68928125,"aqua"
"369",25,2024-08-26,38.6903020833333,"aqua"
"370",25,2024-08-27,44.4231458333333,"aqua"
"371",25,2024-08-28,40.4943125,"aqua"
"372",25,2024-08-29,37.54428125,"aqua"
"373",25,2024-08-30,36.5607291666667,"aqua"
"374",25,2024-08-31,35.2946041666667,"aqua"
"375",25,2024-09-01,34.35346875,"aqua"
"376",25,2024-09-02,33.72071875,"aqua"
"377",25,2024-09-03,41.9927291666667,"aqua"
"378",25,2024-09-04,55.645875,"aqua"
"379",25,2024-09-05,51.2661041666667,"aqua"
"380",25,2024-09-06,48.6056354166667,"aqua"
"381",25,2024-09-07,46.2988541666667,"aqua"
"382",25,2024-09-08,44.50546875,"aqua"
"383",25,2024-09-09,42.9179166666667,"aqua"
"384",25,2024-09-10,41.2765416666667,"aqua"
"385",25,2024-09-11,39.7952395833333,"aqua"
"386",25,2024-09-12,38.45846875,"aqua"
"387",25,2024-09-13,37.3987083333333,"aqua"
"388",25,2024-09-14,36.5021354166667,"aqua"
"389",25,2024-09-15,35.8104427083333,"aqua"
"390",25,2024-09-16,35.3400777777778,"aqua"
"391",28,2024-06-07,53.1319615384615,"aqua"
"392",28,2024-06-08,51.83559375,"aqua"
"393",28,2024-06-09,50.9363229166667,"aqua"
"394",28,2024-06-10,50.3182708333333,"aqua"
"395",28,2024-06-11,49.1542916666667,"aqua"
"396",28,2024-06-12,47.7962395833333,"aqua"
"397",28,2024-06-13,45.7721666666667,"aqua"
"398",28,2024-06-14,43.6819375,"aqua"
"399",28,2024-06-15,42.3011666666667,"aqua"
"400",28,2024-06-16,41.42334375,"aqua"
"401",28,2024-06-17,39.8511145833333,"aqua"
"402",28,2024-06-18,37.6992916666667,"aqua"
"403",28,2024-06-19,36.6514583333333,"aqua"
"404",28,2024-06-20,36.1972239583333,"aqua"
"405",28,2024-06-21,35.507125,"aqua"
"406",28,2024-06-22,34.5015416666667,"aqua"
"407",28,2024-06-23,33.5724583333333,"aqua"
"408",28,2024-06-24,32.374625,"aqua"
"409",28,2024-06-25,31.398875,"aqua"
"410",28,2024-06-26,39.9342608695652,"aqua"
"411",28,2024-06-27,38.2338020833333,"aqua"
"412",28,2024-06-28,36.7569895833333,"aqua"
"413",28,2024-06-29,35.4274375,"aqua"
"414",28,2024-06-30,34.3683697916667,"aqua"
"415",28,2024-07-01,36.19021875,"aqua"
"416",28,2024-07-02,40.1803541666667,"aqua"
"417",28,2024-07-03,37.55803125,"aqua"
"418",28,2024-07-04,36.8470416666667,"aqua"
"419",28,2024-07-05,35.62884375,"aqua"
"420",28,2024-07-06,35.675421875,"aqua"
"421",28,2024-07-07,37.5463229166667,"aqua"
"422",28,2024-07-08,38.33715625,"aqua"
"423",28,2024-07-09,35.8172604166667,"aqua"
"424",28,2024-07-10,34.0003333333333,"aqua"
"425",28,2024-07-11,39.2543645833333,"aqua"
"426",28,2024-07-12,37.2934583333333,"aqua"
"427",28,2024-07-13,34.7478958333333,"aqua"
"428",28,2024-07-14,33.0788958333333,"aqua"
"429",28,2024-07-15,31.6533333333333,"aqua"
"430",28,2024-07-16,30.17321875,"aqua"
"431",28,2024-07-17,29.0860208333333,"aqua"
"432",28,2024-07-18,28.4425,"aqua"
"433",28,2024-07-19,28.84115625,"aqua"
"434",28,2024-07-20,52.8541145833333,"aqua"
"435",28,2024-07-21,51.2823854166667,"aqua"
"436",28,2024-07-22,48.05621875,"aqua"
"437",28,2024-07-23,44.0656822916667,"aqua"
"438",28,2024-07-24,54.11890625,"aqua"
"439",28,2024-07-25,48.4726770833333,"aqua"
"440",28,2024-07-26,40.6854166666667,"aqua"
"441",28,2024-07-27,36.390625,"aqua"
"442",28,2024-07-28,33.9663645833333,"aqua"
"443",28,2024-07-29,31.8674166666667,"aqua"
"444",28,2024-07-30,33.7061041666667,"aqua"
"445",28,2024-07-31,43.5379583333333,"aqua"
"446",28,2024-08-01,36.6293125,"aqua"
"447",28,2024-08-02,33.5820208333333,"aqua"
"448",28,2024-08-03,31.9977291666667,"aqua"
"449",28,2024-08-04,30.74846875,"aqua"
"450",28,2024-08-05,29.7145,"aqua"
"451",28,2024-08-06,28.87565625,"aqua"
"452",28,2024-08-07,34.10959375,"aqua"
"453",28,2024-08-08,50.0009895833333,"aqua"
"454",28,2024-08-09,49.5292604166667,"aqua"
"455",28,2024-08-10,48.65928125,"aqua"
"456",28,2024-08-11,47.6386458333333,"aqua"
"457",28,2024-08-12,54.7483541666667,"aqua"
"458",28,2024-08-13,59.31028125,"aqua"
"459",28,2024-08-14,60.0575104166667,"aqua"
"460",28,2024-08-15,53.5059479166667,"aqua"
"461",28,2024-08-16,45.8603125,"aqua"
"462",28,2024-08-17,42.624875,"aqua"
"463",28,2024-08-18,39.6457708333333,"aqua"
"464",28,2024-08-19,37.72221875,"aqua"
"465",28,2024-08-20,43.2168541666667,"aqua"
"466",28,2024-08-21,56.6735208333333,"aqua"
"467",28,2024-08-22,49.4436927083333,"aqua"
"468",28,2024-08-23,52.7264791666667,"aqua"
"469",28,2024-08-24,50.2703125,"aqua"
"470",28,2024-08-25,41.3520104166667,"aqua"
"471",28,2024-08-26,36.73171875,"aqua"
"472",28,2024-08-27,46.2685729166667,"aqua"
"473",28,2024-08-28,49.2318854166667,"aqua"
"474",28,2024-08-29,41.0743333333333,"aqua"
"475",28,2024-08-30,39.11053125,"aqua"
"476",28,2024-08-31,36.2053333333333,"aqua"
"477",28,2024-09-01,34.3434375,"aqua"
"478",28,2024-09-02,33.1547708333333,"aqua"
"479",28,2024-09-03,32.089125,"aqua"
"480",28,2024-09-04,31.090875,"aqua"
"481",28,2024-09-05,30.2549895833333,"aqua"
"482",28,2024-09-06,29.7590833333333,"aqua"
"483",28,2024-09-07,29.35140625,"aqua"
"484",28,2024-09-08,28.89753125,"aqua"
"485",28,2024-09-09,28.5653125,"aqua"
"486",28,2024-09-10,28.1724166666667,"aqua"
"487",28,2024-09-11,27.718975,"aqua"
"488",31,2024-06-06,53.6658518518519,"aqua"
"489",31,2024-06-07,49.8480833333333,"aqua"
"490",31,2024-06-08,47.3651458333333,"aqua"
"491",31,2024-06-09,47.6310625,"aqua"
"492",31,2024-06-10,46.10171875,"aqua"
"493",31,2024-06-11,44.50978125,"aqua"
"494",31,2024-06-12,55.2965,"aqua"
"495",31,2024-06-13,50.3701875,"aqua"
"496",31,2024-06-14,46.9869479166667,"aqua"
"497",31,2024-06-15,45.1489583333333,"aqua"
"498",31,2024-06-16,42.89903125,"aqua"
"499",31,2024-06-17,40.1616979166667,"aqua"
"500",31,2024-06-18,38.7174479166667,"aqua"
"501",31,2024-06-19,48.7656666666667,"aqua"
"502",31,2024-06-20,48.0588958333333,"aqua"
"503",31,2024-06-21,43.6555364583333,"aqua"
"504",31,2024-06-22,40.843625,"aqua"
"505",31,2024-06-23,38.5756041666667,"aqua"
"506",31,2024-06-24,36.3419375,"aqua"
"507",31,2024-06-25,35.7509583333333,"aqua"
"508",31,2024-06-26,42.7821041666667,"aqua"
"509",31,2024-06-27,39.1843072916667,"aqua"
"510",31,2024-06-28,37.1774895833333,"aqua"
"511",31,2024-06-29,37.00253125,"aqua"
"512",31,2024-06-30,36.5727291666667,"aqua"
"513",31,2024-07-01,42.8483333333333,"aqua"
"514",31,2024-07-02,49.980109375,"aqua"
"515",31,2024-07-03,52.0400729166667,"aqua"
"516",31,2024-07-04,52.08196875,"aqua"
"517",31,2024-07-05,46.7468958333333,"aqua"
"518",31,2024-07-06,47.49728125,"aqua"
"519",31,2024-07-07,50.7420625,"aqua"
"520",31,2024-07-08,50.4480520833333,"aqua"
"521",31,2024-07-09,41.6995104166667,"aqua"
"522",31,2024-07-10,37.7029791666667,"aqua"
"523",31,2024-07-11,41.395625,"aqua"
"524",31,2024-07-12,39.6828020833333,"aqua"
"525",31,2024-07-13,36.2909479166667,"aqua"
"526",31,2024-07-14,34.6294791666667,"aqua"
"527",31,2024-07-15,33.162,"aqua"
"528",31,2024-07-16,31.7692708333333,"aqua"
"529",31,2024-07-17,33.939,"aqua"
"530",31,2024-07-18,45.2617395833333,"aqua"
"531",31,2024-07-19,40.41875,"aqua"
"532",31,2024-07-20,56.0797291666667,"aqua"
"533",31,2024-07-21,52.8891510416667,"aqua"
"534",31,2024-07-22,46.4224166666667,"aqua"
"535",31,2024-07-23,40.8520833333333,"aqua"
"536",31,2024-07-24,48.7747395833333,"aqua"
"537",31,2024-07-25,43.4890625,"aqua"
"538",31,2024-07-26,36.5863072916667,"aqua"
"539",31,2024-07-27,33.92796875,"aqua"
"540",31,2024-07-28,32.5350625,"aqua"
"541",31,2024-07-29,31.3774791666667,"aqua"
"542",31,2024-07-30,30.3797083333333,"aqua"
"543",31,2024-07-31,43.0476354166667,"aqua"
"544",31,2024-08-01,37.3450208333333,"aqua"
"545",31,2024-08-02,33.2398958333333,"aqua"
"546",31,2024-08-03,31.5364166666667,"aqua"
"547",31,2024-08-04,30.38825,"aqua"
"548",31,2024-08-05,29.2751458333333,"aqua"
"549",31,2024-08-06,28.5286145833333,"aqua"
"550",31,2024-08-07,29.65565625,"aqua"
"551",31,2024-08-08,45.2130104166667,"aqua"
"552",31,2024-08-09,45.8014479166667,"aqua"
"553",31,2024-08-10,45.0835520833333,"aqua"
"554",31,2024-08-11,44.0161458333333,"aqua"
"555",31,2024-08-12,49.5039427083333,"aqua"
"556",31,2024-08-13,53.7275208333333,"aqua"
"557",31,2024-08-14,57.0021354166667,"aqua"
"558",31,2024-08-15,51.66809375,"aqua"
"559",31,2024-08-16,45.02446875,"aqua"
"560",31,2024-08-17,40.4138958333333,"aqua"
"561",31,2024-08-18,36.0852916666667,"aqua"
"562",31,2024-08-19,33.8941770833333,"aqua"
"563",31,2024-08-20,34.1961770833333,"aqua"
"564",31,2024-08-21,54.906421875,"aqua"
"565",31,2024-08-22,50.500875,"aqua"
"566",31,2024-08-23,52.4452708333333,"aqua"
"567",31,2024-08-24,51.1116979166667,"aqua"
"568",31,2024-08-25,42.612125,"aqua"
"569",31,2024-08-26,35.4511510416667,"aqua"
"570",31,2024-08-27,40.1204895833333,"aqua"
"571",31,2024-08-28,56.5325208333333,"aqua"
"572",31,2024-08-29,49.1125833333333,"aqua"
"573",31,2024-08-30,46.0079375,"aqua"
"574",31,2024-08-31,40.5065208333333,"aqua"
"575",31,2024-09-01,36.1612291666667,"aqua"
"576",31,2024-09-02,33.6476666666667,"aqua"
"577",31,2024-09-03,36.2946354166667,"aqua"
"578",31,2024-09-04,58.3410260416667,"aqua"
"579",31,2024-09-05,52.59053125,"aqua"
"580",31,2024-09-06,49.3392395833333,"aqua"
"581",31,2024-09-07,44.79578125,"aqua"
"582",31,2024-09-08,40.0226145833333,"aqua"
"583",31,2024-09-09,36.3759791666667,"aqua"
"584",31,2024-09-10,35.5296822916667,"aqua"
"585",31,2024-09-11,58.737265060241,"aqua"
"586",3,2024-05-27,53.97019,"sentek"
"587",3,2024-05-28,53.8786808333333,"sentek"
"588",3,2024-05-29,52.7191176595745,"sentek"
"589",3,2024-05-30,54.3779191666667,"sentek"
"590",3,2024-05-31,54.481803125,"sentek"
"591",3,2024-06-01,54.4825522222222,"sentek"
"592",3,2024-06-02,51.6521785,"sentek"
"593",3,2024-06-03,54.3707239583333,"sentek"
"594",3,2024-06-04,51.9779808333333,"sentek"
"595",3,2024-06-05,54.2269370833333,"sentek"
"596",3,2024-06-06,52.9849658333333,"sentek"
"597",3,2024-06-07,52.915299375,"sentek"
"598",3,2024-06-08,53.9961583333333,"sentek"
"599",3,2024-06-09,53.9633841666667,"sentek"
"600",3,2024-06-10,52.7554557446809,"sentek"
"601",3,2024-06-11,52.316575625,"sentek"
"602",3,2024-06-12,51.2633314583333,"sentek"
"603",3,2024-06-13,50.957913125,"sentek"
"604",3,2024-06-14,49.2305270833333,"sentek"
"605",3,2024-06-15,43.91748275,"sentek"
"606",3,2024-06-16,41.3783868965517,"sentek"
"607",3,2024-06-17,38.5424914285714,"sentek"
"608",3,2024-06-18,36.6683135416667,"sentek"
"609",3,2024-06-19,34.2492055172414,"sentek"
"610",3,2024-06-20,35.035181875,"sentek"
"611",3,2024-06-21,34.9990955555556,"sentek"
"612",3,2024-06-22,31.7240975,"sentek"
"613",3,2024-06-23,33.9229472916667,"sentek"
"614",3,2024-06-24,37.88888,"sentek"
"615",3,2024-06-25,42.3515066666667,"sentek"
"616",3,2024-06-26,41.928525,"sentek"
"617",3,2024-06-27,41.1662814583333,"sentek"
"618",3,2024-06-28,38.9497102083333,"sentek"
"619",3,2024-06-29,36.7103245833333,"sentek"
"620",3,2024-06-30,37.196419375,"sentek"
"621",3,2024-07-01,41.3390389583333,"sentek"
"622",3,2024-07-02,41.4410689583333,"sentek"
"623",3,2024-07-03,41.735609375,"sentek"
"624",3,2024-07-04,41.1574125,"sentek"
"625",3,2024-07-05,41.0403,"sentek"
"626",3,2024-07-06,41.5026820833333,"sentek"
"627",3,2024-07-07,41.7599560416667,"sentek"
"628",3,2024-07-08,40.4728422916667,"sentek"
"629",3,2024-07-09,38.73004,"sentek"
"630",3,2024-07-10,37.449726875,"sentek"
"631",3,2024-07-11,36.4718020833333,"sentek"
"632",3,2024-07-12,35.654236875,"sentek"
"633",3,2024-07-13,34.9543041666667,"sentek"
"634",3,2024-07-14,34.1600977083333,"sentek"
"635",3,2024-07-15,33.3566708333333,"sentek"
"636",3,2024-07-16,32.6966935416667,"sentek"
"637",3,2024-07-17,31.8540122916667,"sentek"
"638",3,2024-07-18,34.435869375,"sentek"
"639",3,2024-07-19,43.55473875,"sentek"
"640",3,2024-07-20,42.867423125,"sentek"
"641",3,2024-07-21,41.78719875,"sentek"
"642",3,2024-07-22,40.6799864583333,"sentek"
"643",3,2024-07-23,44.2784935416667,"sentek"
"644",3,2024-07-24,42.4094041666667,"sentek"
"645",3,2024-07-25,39.549796875,"sentek"
"646",3,2024-07-26,36.5159577083333,"sentek"
"647",3,2024-07-27,34.50078875,"sentek"
"648",3,2024-07-28,33.12170125,"sentek"
"649",3,2024-07-29,36.2866197916667,"sentek"
"650",3,2024-07-30,43.0673564583333,"sentek"
"651",3,2024-07-31,39.6762327083333,"sentek"
"652",3,2024-08-01,35.6615891666667,"sentek"
"653",3,2024-08-02,32.463429375,"sentek"
"654",3,2024-08-03,30.709595625,"sentek"
"655",3,2024-08-04,29.4269904166667,"sentek"
"656",3,2024-08-05,28.8106458333333,"sentek"
"657",3,2024-08-06,28.3887583333333,"sentek"
"658",3,2024-08-07,27.8726722916667,"sentek"
"659",3,2024-08-08,27.8635870833333,"sentek"
"660",3,2024-08-09,27.7227277083333,"sentek"
"661",3,2024-08-10,27.8750370833333,"sentek"
"662",3,2024-08-11,31.6951675,"sentek"
"663",3,2024-08-12,39.747441875,"sentek"
"664",3,2024-08-13,44.9871558333333,"sentek"
"665",3,2024-08-14,43.8101316666667,"sentek"
"666",3,2024-08-15,41.988395,"sentek"
"667",3,2024-08-16,39.4676210416667,"sentek"
"668",3,2024-08-17,36.5840308333333,"sentek"
"669",3,2024-08-18,34.3215891666667,"sentek"
"670",3,2024-08-19,38.6052395833333,"sentek"
"671",3,2024-08-20,45.8577020833333,"sentek"
"672",3,2024-08-21,44.3511102083333,"sentek"
"673",3,2024-08-22,44.473223125,"sentek"
"674",3,2024-08-23,43.2377204166667,"sentek"
"675",3,2024-08-24,38.9288341666667,"sentek"
"676",3,2024-08-25,34.0799641666667,"sentek"
"677",3,2024-08-26,39.2603983333333,"sentek"
"678",3,2024-08-27,45.053353125,"sentek"
"679",3,2024-08-28,42.943486875,"sentek"
"680",3,2024-08-29,41.1543860416667,"sentek"
"681",3,2024-08-30,37.5601054166667,"sentek"
"682",3,2024-08-31,34.0812,"sentek"
"683",3,2024-09-01,31.6275147916667,"sentek"
"684",3,2024-09-02,29.5483658333333,"sentek"
"685",3,2024-09-03,27.751399375,"sentek"
"686",3,2024-09-04,26.8472679166667,"sentek"
"687",3,2024-09-05,26.2969872916667,"sentek"
"688",3,2024-09-06,25.662689375,"sentek"
"689",3,2024-09-07,25.0264472916667,"sentek"
"690",3,2024-09-08,24.3236689583333,"sentek"
"691",3,2024-09-09,25.7675741666667,"sentek"
"692",3,2024-09-10,27.239569375,"sentek"
"693",3,2024-09-11,25.9370833333333,"sentek"
"694",3,2024-09-12,25.4323283333333,"sentek"
"695",3,2024-09-13,25.1372764583333,"sentek"
"696",3,2024-09-14,24.858979375,"sentek"
"697",3,2024-09-15,24.4308402083333,"sentek"
"698",3,2024-09-16,24.1655110526316,"sentek"
"699",9,2024-05-28,50.0816290909091,"sentek"
"700",9,2024-05-29,50.042696875,"sentek"
"701",9,2024-05-30,50.1595122916667,"sentek"
"702",9,2024-05-31,50.7933902083333,"sentek"
"703",9,2024-06-01,50.99917375,"sentek"
"704",9,2024-06-02,51.0305791666667,"sentek"
"705",9,2024-06-03,50.9954339583333,"sentek"
"706",9,2024-06-04,50.991861875,"sentek"
"707",9,2024-06-05,50.9092508333333,"sentek"
"708",9,2024-06-06,50.8231414583333,"sentek"
"709",9,2024-06-07,50.65002875,"sentek"
"710",9,2024-06-08,50.4633929166667,"sentek"
"711",9,2024-06-09,50.30903375,"sentek"
"712",9,2024-06-10,50.1982897916667,"sentek"
"713",9,2024-06-11,50.0113235416667,"sentek"
"714",9,2024-06-12,49.7699295833333,"sentek"
"715",9,2024-06-13,49.469630625,"sentek"
"716",9,2024-06-14,49.3028802083333,"sentek"
"717",9,2024-06-15,49.1983033333333,"sentek"
"718",9,2024-06-16,48.9322816666667,"sentek"
"719",9,2024-06-17,48.5854747916667,"sentek"
"720",9,2024-06-18,48.3871304166667,"sentek"
"721",9,2024-06-19,48.0796333333333,"sentek"
"722",9,2024-06-20,47.61362,"sentek"
"723",9,2024-06-21,47.1208291666667,"sentek"
"724",9,2024-06-22,46.282993125,"sentek"
"725",9,2024-06-23,44.5800664583333,"sentek"
"726",9,2024-06-24,43.7946610416667,"sentek"
"727",9,2024-06-25,43.7708770833333,"sentek"
"728",9,2024-06-26,43.9311541666667,"sentek"
"729",9,2024-06-27,44.2381783333333,"sentek"
"730",9,2024-06-28,44.5001345833333,"sentek"
"731",9,2024-06-29,44.419549375,"sentek"
"732",9,2024-06-30,44.2395420833333,"sentek"
"733",9,2024-07-01,44.5249308333333,"sentek"
"734",9,2024-07-02,45.340184375,"sentek"
"735",9,2024-07-03,44.3837014583333,"sentek"
"736",9,2024-07-04,43.6426314583333,"sentek"
"737",9,2024-07-05,43.2688310416667,"sentek"
"738",9,2024-07-06,43.1865158333333,"sentek"
"739",9,2024-07-07,42.950266875,"sentek"
"740",9,2024-07-08,42.9631939583333,"sentek"
"741",9,2024-07-09,42.9431879166667,"sentek"
"742",9,2024-07-10,42.868209375,"sentek"
"743",9,2024-07-11,42.6987877083333,"sentek"
"744",9,2024-07-12,42.499921875,"sentek"
"745",9,2024-07-13,42.3414172916667,"sentek"
"746",9,2024-07-14,42.1467464583333,"sentek"
"747",9,2024-07-15,41.985244375,"sentek"
"748",9,2024-07-16,41.79893875,"sentek"
"749",9,2024-07-17,43.4437504166667,"sentek"
"750",9,2024-07-18,46.5464725,"sentek"
"751",9,2024-07-19,45.4301822916667,"sentek"
"752",9,2024-07-20,47.2346425,"sentek"
"753",9,2024-07-21,47.01139,"sentek"
"754",9,2024-07-22,46.4943325,"sentek"
"755",9,2024-07-23,45.3332177083333,"sentek"
"756",9,2024-07-24,48.4298347916667,"sentek"
"757",9,2024-07-25,47.438593125,"sentek"
"758",9,2024-07-26,45.48912875,"sentek"
"759",9,2024-07-27,44.22585625,"sentek"
"760",9,2024-07-28,43.8783891666667,"sentek"
"761",9,2024-07-29,43.6524479166667,"sentek"
"762",9,2024-07-30,44.441305625,"sentek"
"763",9,2024-07-31,48.35255375,"sentek"
"764",9,2024-08-01,46.7909983333333,"sentek"
"765",9,2024-08-02,44.4744110416667,"sentek"
"766",9,2024-08-03,43.1478691666667,"sentek"
"767",9,2024-08-04,42.5234833333333,"sentek"
"768",9,2024-08-05,42.1992664583333,"sentek"
"769",9,2024-08-06,42.02124125,"sentek"
"770",9,2024-08-07,44.0997179166667,"sentek"
"771",9,2024-08-08,48.9241714583333,"sentek"
"772",9,2024-08-09,48.541595,"sentek"
"773",9,2024-08-10,48.3891297916667,"sentek"
"774",9,2024-08-11,48.196683125,"sentek"
"775",9,2024-08-12,48.9080575,"sentek"
"776",9,2024-08-13,49.821431875,"sentek"
"777",9,2024-08-14,49.7689183333333,"sentek"
"778",9,2024-08-15,48.806805625,"sentek"
"779",9,2024-08-16,47.449800625,"sentek"
"780",9,2024-08-17,45.614413125,"sentek"
"781",9,2024-08-18,43.7363289583333,"sentek"
"782",9,2024-08-19,42.546649375,"sentek"
"783",9,2024-08-20,44.1803125,"sentek"
"784",9,2024-08-21,49.297785625,"sentek"
"785",9,2024-08-22,48.3544135416667,"sentek"
"786",9,2024-08-23,48.3194633333333,"sentek"
"787",9,2024-08-24,47.674941875,"sentek"
"788",9,2024-08-25,45.3387485416667,"sentek"
"789",9,2024-08-26,43.0508391666667,"sentek"
"790",9,2024-08-27,45.041886875,"sentek"
"791",9,2024-08-28,49.2120064583333,"sentek"
"792",9,2024-08-29,48.240909375,"sentek"
"793",9,2024-08-30,47.34211875,"sentek"
"794",9,2024-08-31,45.5367095833333,"sentek"
"795",9,2024-09-01,43.7199470833333,"sentek"
"796",9,2024-09-02,42.4735472916667,"sentek"
"797",9,2024-09-03,41.5176870833333,"sentek"
"798",9,2024-09-04,40.793891875,"sentek"
"799",9,2024-09-05,40.4263602083333,"sentek"
"800",9,2024-09-06,40.1100808333333,"sentek"
"801",9,2024-09-07,39.8712910416667,"sentek"
"802",9,2024-09-08,39.6022983333333,"sentek"
"803",9,2024-09-09,39.3269372916667,"sentek"
"804",9,2024-09-10,39.0535283333333,"sentek"
"805",9,2024-09-11,38.7874875,"sentek"
"806",9,2024-09-12,38.5383079166667,"sentek"
"807",9,2024-09-13,38.3248760416667,"sentek"
"808",9,2024-09-14,38.1507214583333,"sentek"
"809",9,2024-09-15,37.94743,"sentek"
"810",9,2024-09-16,37.732863125,"sentek"
"811",9,2024-09-17,37.5508063157895,"sentek"
"812",10,2024-05-28,45.232815625,"sentek"
"813",10,2024-05-29,45.229003125,"sentek"
"814",10,2024-05-30,45.2404183333333,"sentek"
"815",10,2024-05-31,45.6431420833333,"sentek"
"816",10,2024-06-01,45.5909622916667,"sentek"
"817",10,2024-06-02,45.5409377083333,"sentek"
"818",10,2024-06-03,45.4233420833333,"sentek"
"819",10,2024-06-04,45.317763125,"sentek"
"820",10,2024-06-05,45.21802375,"sentek"
"821",10,2024-06-06,45.0457097916667,"sentek"
"822",10,2024-06-07,45.0197041666667,"sentek"
"823",10,2024-06-08,44.959743125,"sentek"
"824",10,2024-06-09,44.8966022916667,"sentek"
"825",10,2024-06-10,44.8425697916667,"sentek"
"826",10,2024-06-11,44.74367375,"sentek"
"827",10,2024-06-12,44.428194375,"sentek"
"828",10,2024-06-13,44.10657625,"sentek"
"829",10,2024-06-14,43.8379772916667,"sentek"
"830",10,2024-06-15,43.8594241666667,"sentek"
"831",10,2024-06-16,43.7406672916667,"sentek"
"832",10,2024-06-17,43.464204375,"sentek"
"833",10,2024-06-18,43.1757295833333,"sentek"
"834",10,2024-06-19,42.8645264583333,"sentek"
"835",10,2024-06-20,42.71543875,"sentek"
"836",10,2024-06-21,42.552069375,"sentek"
"837",10,2024-06-22,42.5156885416667,"sentek"
"838",10,2024-06-23,42.4988952083333,"sentek"
"839",10,2024-06-24,42.4454877083333,"sentek"
"840",10,2024-06-25,43.15401,"sentek"
"841",10,2024-06-26,43.5139302083333,"sentek"
"842",10,2024-06-27,43.32989125,"sentek"
"843",10,2024-06-28,43.24000375,"sentek"
"844",10,2024-06-29,43.022734375,"sentek"
"845",10,2024-06-30,42.65521625,"sentek"
"846",10,2024-07-01,42.84595625,"sentek"
"847",10,2024-07-02,43.1905714583333,"sentek"
"848",10,2024-07-03,43.5394102083333,"sentek"
"849",10,2024-07-04,43.5520302083333,"sentek"
"850",10,2024-07-05,43.2365695833333,"sentek"
"851",10,2024-07-06,43.18341,"sentek"
"852",10,2024-07-07,43.3482139583333,"sentek"
"853",10,2024-07-08,43.2963833333333,"sentek"
"854",10,2024-07-09,43.2254891666667,"sentek"
"855",10,2024-07-10,43.3557677083333,"sentek"
"856",10,2024-07-11,44.0837820833333,"sentek"
"857",10,2024-07-12,43.823218125,"sentek"
"858",10,2024-07-13,43.2961458333333,"sentek"
"859",10,2024-07-14,42.67997625,"sentek"
"860",10,2024-07-15,42.21335125,"sentek"
"861",10,2024-07-16,42.0299464583333,"sentek"
"862",10,2024-07-17,44.5231275,"sentek"
"863",10,2024-07-18,44.5770227083333,"sentek"
"864",10,2024-07-19,45.3866470833333,"sentek"
"865",10,2024-07-20,45.6648164583333,"sentek"
"866",10,2024-07-21,45.179963125,"sentek"
"867",10,2024-07-22,44.6372279166667,"sentek"
"868",10,2024-07-23,45.5039341666667,"sentek"
"869",10,2024-07-24,45.5984922916667,"sentek"
"870",10,2024-07-25,44.2268827083333,"sentek"
"871",10,2024-07-26,40.9866035416667,"sentek"
"872",10,2024-07-27,38.595205625,"sentek"
"873",10,2024-07-28,37.525123125,"sentek"
"874",10,2024-07-29,36.6700010416667,"sentek"
"875",10,2024-07-30,43.612645,"sentek"
"876",10,2024-07-31,45.524095,"sentek"
"877",10,2024-08-01,43.7622922916667,"sentek"
"878",10,2024-08-02,40.3078091666667,"sentek"
"879",10,2024-08-03,38.133844375,"sentek"
"880",10,2024-08-04,36.5093835416667,"sentek"
"881",10,2024-08-05,35.6021814583333,"sentek"
"882",10,2024-08-06,35.7395747916667,"sentek"
"883",10,2024-08-07,45.0990083333333,"sentek"
"884",10,2024-08-08,46.3350875,"sentek"
"885",10,2024-08-09,46.139485625,"sentek"
"886",10,2024-08-10,45.8933777083333,"sentek"
"887",10,2024-08-11,46.1802170833333,"sentek"
"888",10,2024-08-12,46.4300639583333,"sentek"
"889",10,2024-08-13,47.095183125,"sentek"
"890",10,2024-08-14,46.1064264583333,"sentek"
"891",10,2024-08-15,44.9530514583333,"sentek"
"892",10,2024-08-16,43.5366491666667,"sentek"
"893",10,2024-08-17,40.8033935416667,"sentek"
"894",10,2024-08-18,38.586334375,"sentek"
"895",10,2024-08-19,37.0554025,"sentek"
"896",10,2024-08-20,44.4127672916667,"sentek"
"897",10,2024-08-21,46.2219908333333,"sentek"
"898",10,2024-08-22,45.9134291666667,"sentek"
"899",10,2024-08-23,46.3898154166667,"sentek"
"900",10,2024-08-24,45.1863652083333,"sentek"
"901",10,2024-08-25,42.342549375,"sentek"
"902",10,2024-08-26,39.7219047916667,"sentek"
"903",10,2024-08-27,39.2189629166667,"sentek"
"904",10,2024-08-28,37.9566672916667,"sentek"
"905",10,2024-08-29,37.509361875,"sentek"
"906",10,2024-08-30,36.765023125,"sentek"
"907",10,2024-08-31,35.9806614583333,"sentek"
"908",10,2024-09-01,35.3684604166667,"sentek"
"909",10,2024-09-02,34.870045,"sentek"
"910",10,2024-09-03,44.9734166666667,"sentek"
"911",10,2024-09-04,46.1983189583333,"sentek"
"912",10,2024-09-05,45.6969916666667,"sentek"
"913",10,2024-09-06,44.5907727083333,"sentek"
"914",10,2024-09-07,42.98796625,"sentek"
"915",10,2024-09-08,41.118544375,"sentek"
"916",10,2024-09-09,39.0810664583333,"sentek"
"917",10,2024-09-10,45.7479689583333,"sentek"
"918",10,2024-09-11,46.9628525,"sentek"
"919",10,2024-09-12,45.9370670833333,"sentek"
"920",10,2024-09-13,44.4275091666667,"sentek"
"921",10,2024-09-14,42.958309375,"sentek"
"922",10,2024-09-15,41.3279883333333,"sentek"
"923",10,2024-09-16,40.1527604651163,"sentek"
"924",16,2024-05-28,49.402605,"sentek"
"925",16,2024-05-29,49.26914125,"sentek"
"926",16,2024-05-30,49.33605125,"sentek"
"927",16,2024-05-31,49.8624816666667,"sentek"
"928",16,2024-06-01,50.02936375,"sentek"
"929",16,2024-06-02,50.0473647916667,"sentek"
"930",16,2024-06-03,50.033389375,"sentek"
"931",16,2024-06-04,50.0417975,"sentek"
"932",16,2024-06-05,49.98324875,"sentek"
"933",16,2024-06-06,49.990300625,"sentek"
"934",16,2024-06-07,49.9219797916667,"sentek"
"935",16,2024-06-08,49.8792689583333,"sentek"
"936",16,2024-06-09,49.7645870833333,"sentek"
"937",16,2024-06-10,49.6770333333333,"sentek"
"938",16,2024-06-11,49.62154,"sentek"
"939",16,2024-06-12,49.5433,"sentek"
"940",16,2024-06-13,49.4574470833333,"sentek"
"941",16,2024-06-14,49.400270625,"sentek"
"942",16,2024-06-15,49.317774375,"sentek"
"943",16,2024-06-16,49.2678572916667,"sentek"
"944",16,2024-06-17,49.1738047916667,"sentek"
"945",16,2024-06-18,48.9818789583333,"sentek"
"946",16,2024-06-19,48.7153029166667,"sentek"
"947",16,2024-06-20,48.5386297916667,"sentek"
"948",16,2024-06-21,48.390760625,"sentek"
"949",16,2024-06-22,48.2642441666667,"sentek"
"950",16,2024-06-23,48.018901875,"sentek"
"951",16,2024-06-24,47.7523208333333,"sentek"
"952",16,2024-06-25,47.779420625,"sentek"
"953",16,2024-06-26,47.9366125,"sentek"
"954",16,2024-06-27,47.6662641666667,"sentek"
"955",16,2024-06-28,47.5121220833333,"sentek"
"956",16,2024-06-29,47.2645254166667,"sentek"
"957",16,2024-06-30,46.8868564583333,"sentek"
"958",16,2024-07-01,47.0455785416667,"sentek"
"959",16,2024-07-02,47.6073172916667,"sentek"
"960",16,2024-07-03,48.0399397916667,"sentek"
"961",16,2024-07-04,48.1794247916667,"sentek"
"962",16,2024-07-05,47.8684091666667,"sentek"
"963",16,2024-07-06,47.8687795833333,"sentek"
"964",16,2024-07-07,47.9975960416667,"sentek"
"965",16,2024-07-08,48.2118779166667,"sentek"
"966",16,2024-07-09,48.1062327083333,"sentek"
"967",16,2024-07-10,47.8995558333333,"sentek"
"968",16,2024-07-11,47.5893852083333,"sentek"
"969",16,2024-07-12,47.2790435416667,"sentek"
"970",16,2024-07-13,46.7556345833333,"sentek"
"971",16,2024-07-14,46.2574552083333,"sentek"
"972",16,2024-07-15,45.8063864583333,"sentek"
"973",16,2024-07-16,45.2887375,"sentek"
"974",16,2024-07-17,45.331874375,"sentek"
"975",16,2024-07-18,45.510858125,"sentek"
"976",16,2024-07-19,45.449725625,"sentek"
"977",16,2024-07-20,49.1701733333333,"sentek"
"978",16,2024-07-21,49.1983422916667,"sentek"
"979",16,2024-07-22,48.783733125,"sentek"
"980",16,2024-07-23,48.1062345833333,"sentek"
"981",16,2024-07-24,47.9393941666667,"sentek"
"982",16,2024-07-25,47.6840525,"sentek"
"983",16,2024-07-26,46.8348777083333,"sentek"
"984",16,2024-07-27,46.0960070833333,"sentek"
"985",16,2024-07-28,45.622754375,"sentek"
"986",16,2024-07-29,45.1645008333333,"sentek"
"987",16,2024-07-30,44.757596875,"sentek"
"988",16,2024-07-31,45.10808875,"sentek"
"989",16,2024-08-01,45.0670227083333,"sentek"
"990",16,2024-08-02,44.9909447916667,"sentek"
"991",16,2024-08-03,44.9121122916667,"sentek"
"992",16,2024-08-04,44.6930020833333,"sentek"
"993",16,2024-08-05,44.3617654166667,"sentek"
"994",16,2024-08-06,43.9561135416667,"sentek"
"995",16,2024-08-07,44.02645375,"sentek"
"996",16,2024-08-08,45.8083172916667,"sentek"
"997",16,2024-08-09,46.3362766666667,"sentek"
"998",16,2024-08-10,46.4191910416667,"sentek"
"999",16,2024-08-11,46.649364375,"sentek"
"1000",16,2024-08-12,49.48434125,"sentek"
"1001",16,2024-08-13,51.694619375,"sentek"
"1002",16,2024-08-14,52.5952108333333,"sentek"
"1003",16,2024-08-15,52.0782485416667,"sentek"
"1004",16,2024-08-16,51.5779583333333,"sentek"
"1005",16,2024-08-17,51.056713125,"sentek"
"1006",16,2024-08-18,50.3898552083333,"sentek"
"1007",16,2024-08-19,49.4963366666667,"sentek"
"1008",16,2024-08-20,49.6526145833333,"sentek"
"1009",16,2024-08-21,51.4034675,"sentek"
"1010",16,2024-08-22,51.1397891666667,"sentek"
"1011",16,2024-08-23,51.6616179166667,"sentek"
"1012",16,2024-08-24,51.6291066666667,"sentek"
"1013",16,2024-08-25,50.9441964583333,"sentek"
"1014",16,2024-08-26,49.8113525,"sentek"
"1015",16,2024-08-27,49.2295914583333,"sentek"
"1016",16,2024-08-28,48.6583133333333,"sentek"
"1017",16,2024-08-29,47.9647783333333,"sentek"
"1018",16,2024-08-30,47.4250995833333,"sentek"
"1019",16,2024-08-31,46.76518375,"sentek"
"1020",16,2024-09-01,46.1142964583333,"sentek"
"1021",16,2024-09-02,45.5752835416667,"sentek"
"1022",16,2024-09-03,45.0127139583333,"sentek"
"1023",16,2024-09-04,44.5136302083333,"sentek"
"1024",16,2024-09-05,44.0906066666667,"sentek"
"1025",16,2024-09-06,43.7050054166667,"sentek"
"1026",16,2024-09-07,43.5268327083333,"sentek"
"1027",16,2024-09-08,43.3310658333333,"sentek"
"1028",16,2024-09-09,43.2018027083333,"sentek"
"1029",16,2024-09-10,43.0323,"sentek"
"1030",16,2024-09-11,42.7921635483871,"sentek"
"1031",17,2024-05-28,43.54819625,"sentek"
"1032",17,2024-05-29,43.4185608333333,"sentek"
"1033",17,2024-05-30,43.3987625,"sentek"
"1034",17,2024-05-31,45.8698435416667,"sentek"
"1035",17,2024-06-01,44.8730625,"sentek"
"1036",17,2024-06-02,44.7519714583333,"sentek"
"1037",17,2024-06-03,44.6337633333333,"sentek"
"1038",17,2024-06-04,44.5455175,"sentek"
"1039",17,2024-06-05,44.4930789583333,"sentek"
"1040",17,2024-06-06,44.384825,"sentek"
"1041",17,2024-06-07,44.2170583333333,"sentek"
"1042",17,2024-06-08,43.907696875,"sentek"
"1043",17,2024-06-09,43.0551904166667,"sentek"
"1044",17,2024-06-10,42.2894772916667,"sentek"
"1045",17,2024-06-11,41.4285258333333,"sentek"
"1046",17,2024-06-12,40.626605625,"sentek"
"1047",17,2024-06-13,39.4855177083333,"sentek"
"1048",17,2024-06-14,38.2487664583333,"sentek"
"1049",17,2024-06-15,37.3082789583333,"sentek"
"1050",17,2024-06-16,36.450570625,"sentek"
"1051",17,2024-06-17,35.5828389583333,"sentek"
"1052",17,2024-06-18,39.80430375,"sentek"
"1053",17,2024-06-19,42.6229016666667,"sentek"
"1054",17,2024-06-20,42.00715,"sentek"
"1055",17,2024-06-21,40.819324375,"sentek"
"1056",17,2024-06-22,39.220150625,"sentek"
"1057",17,2024-06-23,37.0870641666667,"sentek"
"1058",17,2024-06-24,35.2149189583333,"sentek"
"1059",17,2024-06-25,38.9755239583333,"sentek"
"1060",17,2024-06-26,40.1027879166667,"sentek"
"1061",17,2024-06-27,37.0055639583333,"sentek"
"1062",17,2024-06-28,34.7263629166667,"sentek"
"1063",17,2024-06-29,33.0623541666667,"sentek"
"1064",17,2024-06-30,32.4144722916667,"sentek"
"1065",17,2024-07-01,35.577094375,"sentek"
"1066",17,2024-07-02,41.9249945833333,"sentek"
"1067",17,2024-07-03,40.867425625,"sentek"
"1068",17,2024-07-04,40.1283289583333,"sentek"
"1069",17,2024-07-05,38.3517227083333,"sentek"
"1070",17,2024-07-06,38.9359241666667,"sentek"
"1071",17,2024-07-07,40.8709314583333,"sentek"
"1072",17,2024-07-08,39.6329804166667,"sentek"
"1073",17,2024-07-09,35.041320625,"sentek"
"1074",17,2024-07-10,32.72106,"sentek"
"1075",17,2024-07-11,41.8912364583333,"sentek"
"1076",17,2024-07-12,35.8082414583333,"sentek"
"1077",17,2024-07-13,29.2211752083333,"sentek"
"1078",17,2024-07-14,26.3543927083333,"sentek"
"1079",17,2024-07-15,24.4570852083333,"sentek"
"1080",17,2024-07-16,26.4446922916667,"sentek"
"1081",17,2024-07-17,38.1216060416667,"sentek"
"1082",17,2024-07-18,41.7283529166667,"sentek"
"1083",17,2024-07-19,39.8693070833333,"sentek"
"1084",17,2024-07-20,45.2375791666667,"sentek"
"1085",17,2024-07-21,43.4999664583333,"sentek"
"1086",17,2024-07-22,41.39734875,"sentek"
"1087",17,2024-07-23,43.656436875,"sentek"
"1088",17,2024-07-24,44.250608125,"sentek"
"1089",17,2024-07-25,40.3895452083333,"sentek"
"1090",17,2024-07-26,33.54337,"sentek"
"1091",17,2024-07-27,29.025735,"sentek"
"1092",17,2024-07-28,26.8384766666667,"sentek"
"1093",17,2024-07-29,25.2702204166667,"sentek"
"1094",17,2024-07-30,33.84704125,"sentek"
"1095",17,2024-07-31,44.7927629166667,"sentek"
"1096",17,2024-08-01,40.9166725,"sentek"
"1097",17,2024-08-02,33.63693875,"sentek"
"1098",17,2024-08-03,28.2480102083333,"sentek"
"1099",17,2024-08-04,25.3389183333333,"sentek"
"1100",17,2024-08-05,23.0658458333333,"sentek"
"1101",17,2024-08-06,21.8780354166667,"sentek"
"1102",17,2024-08-07,35.3867195833333,"sentek"
"1103",17,2024-08-08,46.8109410416667,"sentek"
"1104",17,2024-08-09,46.16141125,"sentek"
"1105",17,2024-08-10,45.7470083333333,"sentek"
"1106",17,2024-08-11,45.2859370833333,"sentek"
"1107",17,2024-08-12,46.0984564583333,"sentek"
"1108",17,2024-08-13,47.0702010416667,"sentek"
"1109",17,2024-08-14,46.4039995833333,"sentek"
"1110",17,2024-08-15,45.2241541666667,"sentek"
"1111",17,2024-08-16,43.3567254166667,"sentek"
"1112",17,2024-08-17,40.5193008333333,"sentek"
"1113",17,2024-08-18,37.1104897916667,"sentek"
"1114",17,2024-08-19,34.7012754166667,"sentek"
"1115",17,2024-08-20,40.279566875,"sentek"
"1116",17,2024-08-21,46.5457629166667,"sentek"
"1117",17,2024-08-22,45.2760995833333,"sentek"
"1118",17,2024-08-23,45.58389375,"sentek"
"1119",17,2024-08-24,44.7321366666667,"sentek"
"1120",17,2024-08-25,41.4937366666667,"sentek"
"1121",17,2024-08-26,37.0771304166667,"sentek"
"1122",17,2024-08-27,41.9284729166667,"sentek"
"1123",17,2024-08-28,47.00678625,"sentek"
"1124",17,2024-08-29,45.4251514583333,"sentek"
"1125",17,2024-08-30,44.2052670833333,"sentek"
"1126",17,2024-08-31,42.0299277083333,"sentek"
"1127",17,2024-09-01,39.4336570833333,"sentek"
"1128",17,2024-09-02,36.9892495833333,"sentek"
"1129",17,2024-09-03,41.9713066666667,"sentek"
"1130",17,2024-09-04,46.8267083333333,"sentek"
"1131",17,2024-09-05,45.499691875,"sentek"
"1132",17,2024-09-06,44.377365,"sentek"
"1133",17,2024-09-07,42.5792722916667,"sentek"
"1134",17,2024-09-08,40.3752064583333,"sentek"
"1135",17,2024-09-09,37.7967622916667,"sentek"
"1136",17,2024-09-10,35.25727125,"sentek"
"1137",17,2024-09-11,33.1325970833333,"sentek"
"1138",17,2024-09-12,31.3904322916667,"sentek"
"1139",17,2024-09-13,30.073125,"sentek"
"1140",17,2024-09-14,29.0120852083333,"sentek"
"1141",17,2024-09-15,28.1828345833333,"sentek"
"1142",17,2024-09-16,27.2225397916667,"sentek"
"1143",17,2024-09-17,26.5954505263158,"sentek"
"1144",23,2024-05-28,37.8860775,"sentek"
"1145",23,2024-05-29,37.982151875,"sentek"
"1146",23,2024-05-30,38.360935625,"sentek"
"1147",23,2024-05-31,41.022465625,"sentek"
"1148",23,2024-06-01,40.4072577083333,"sentek"
"1149",23,2024-06-02,40.3486272916667,"sentek"
"1150",23,2024-06-03,40.2865966666667,"sentek"
"1151",23,2024-06-04,40.2476322916667,"sentek"
"1152",23,2024-06-05,40.2085654166667,"sentek"
"1153",23,2024-06-06,40.27553,"sentek"
"1154",23,2024-06-07,40.1883895833333,"sentek"
"1155",23,2024-06-08,40.0853785416667,"sentek"
"1156",23,2024-06-09,39.7810191666667,"sentek"
"1157",23,2024-06-10,39.6231447916667,"sentek"
"1158",23,2024-06-11,39.425410625,"sentek"
"1159",23,2024-06-12,39.3919610416667,"sentek"
"1160",23,2024-06-13,39.2021714583333,"sentek"
"1161",23,2024-06-14,38.618755625,"sentek"
"1162",23,2024-06-15,38.2789166666667,"sentek"
"1163",23,2024-06-16,38.0974702083333,"sentek"
"1164",23,2024-06-17,37.9488729166667,"sentek"
"1165",23,2024-06-18,38.014393125,"sentek"
"1166",23,2024-06-19,37.975035625,"sentek"
"1167",23,2024-06-20,37.912643125,"sentek"
"1168",23,2024-06-21,38.1224595833333,"sentek"
"1169",23,2024-06-22,38.3333477083333,"sentek"
"1170",23,2024-06-23,38.4939797916667,"sentek"
"1171",23,2024-06-24,38.7056685416667,"sentek"
"1172",23,2024-06-25,40.539180625,"sentek"
"1173",23,2024-06-26,40.2710122916667,"sentek"
"1174",23,2024-06-27,39.3465354166667,"sentek"
"1175",23,2024-06-28,38.08664,"sentek"
"1176",23,2024-06-29,36.9575222916667,"sentek"
"1177",23,2024-06-30,36.3243445833333,"sentek"
"1178",23,2024-07-01,36.737888125,"sentek"
"1179",23,2024-07-02,38.0734933333333,"sentek"
"1180",23,2024-07-03,36.7808214583333,"sentek"
"1181",23,2024-07-04,35.5248460416667,"sentek"
"1182",23,2024-07-05,34.857380625,"sentek"
"1183",23,2024-07-06,34.9871239583333,"sentek"
"1184",23,2024-07-07,35.150345,"sentek"
"1185",23,2024-07-08,34.9418260416667,"sentek"
"1186",23,2024-07-09,36.4917091666667,"sentek"
"1187",23,2024-07-10,37.080896875,"sentek"
"1188",23,2024-07-11,39.791605,"sentek"
"1189",23,2024-07-12,38.417620625,"sentek"
"1190",23,2024-07-13,36.9980583333333,"sentek"
"1191",23,2024-07-14,36.08392,"sentek"
"1192",23,2024-07-15,35.5526420833333,"sentek"
"1193",23,2024-07-16,35.4047322916667,"sentek"
"1194",23,2024-07-17,39.498451875,"sentek"
"1195",23,2024-07-18,40.4476295833333,"sentek"
"1196",23,2024-07-19,39.7149889583333,"sentek"
"1197",23,2024-07-20,41.855640625,"sentek"
"1198",23,2024-07-21,40.597344375,"sentek"
"1199",23,2024-07-22,39.7315783333333,"sentek"
"1200",23,2024-07-23,41.0461597916667,"sentek"
"1201",23,2024-07-24,41.2975864583333,"sentek"
"1202",23,2024-07-25,40.081158125,"sentek"
"1203",23,2024-07-26,38.4644520833333,"sentek"
"1204",23,2024-07-27,36.7396277083333,"sentek"
"1205",23,2024-07-28,35.6991141666667,"sentek"
"1206",23,2024-07-29,34.96270625,"sentek"
"1207",23,2024-07-30,37.0815616666667,"sentek"
"1208",23,2024-07-31,40.0071822916667,"sentek"
"1209",23,2024-08-01,38.654685,"sentek"
"1210",23,2024-08-02,37.2047816666667,"sentek"
"1211",23,2024-08-03,36.1189202083333,"sentek"
"1212",23,2024-08-04,35.272035625,"sentek"
"1213",23,2024-08-05,34.5917877083333,"sentek"
"1214",23,2024-08-06,35.3719739583333,"sentek"
"1215",23,2024-08-07,38.527819375,"sentek"
"1216",23,2024-08-08,40.5520447916667,"sentek"
"1217",23,2024-08-09,39.9088895833333,"sentek"
"1218",23,2024-08-10,39.5337739583333,"sentek"
"1219",23,2024-08-11,39.2860289583333,"sentek"
"1220",23,2024-08-12,39.918155625,"sentek"
"1221",23,2024-08-13,41.591915,"sentek"
"1222",23,2024-08-14,40.96949125,"sentek"
"1223",23,2024-08-15,40.36383375,"sentek"
"1224",23,2024-08-16,39.7532508333333,"sentek"
"1225",23,2024-08-17,39.2310439583333,"sentek"
"1226",23,2024-08-18,38.68664125,"sentek"
"1227",23,2024-08-19,38.0154466666667,"sentek"
"1228",23,2024-08-20,37.4223741666667,"sentek"
"1229",23,2024-08-21,36.9755489583333,"sentek"
"1230",23,2024-08-22,36.6334858333333,"sentek"
"1231",23,2024-08-23,36.1666229166667,"sentek"
"1232",23,2024-08-24,35.8784202083333,"sentek"
"1233",23,2024-08-25,35.60356375,"sentek"
"1234",23,2024-08-26,35.3977227083333,"sentek"
"1235",23,2024-08-27,37.4050333333333,"sentek"
"1236",23,2024-08-28,38.59310875,"sentek"
"1237",23,2024-08-29,38.1253645833333,"sentek"
"1238",23,2024-08-30,37.7289360416667,"sentek"
"1239",23,2024-08-31,37.3147377083333,"sentek"
"1240",23,2024-09-01,36.962590625,"sentek"
"1241",23,2024-09-02,36.7214175,"sentek"
"1242",23,2024-09-03,36.4904064583333,"sentek"
"1243",23,2024-09-04,36.294679375,"sentek"
"1244",23,2024-09-05,36.110121875,"sentek"
"1245",23,2024-09-06,35.8401052083333,"sentek"
"1246",23,2024-09-07,35.7304972916667,"sentek"
"1247",23,2024-09-08,35.6373102083333,"sentek"
"1248",23,2024-09-09,35.5562375,"sentek"
"1249",23,2024-09-10,35.428919375,"sentek"
"1250",23,2024-09-11,35.24698625,"sentek"
"1251",23,2024-09-12,35.0764697916667,"sentek"
"1252",23,2024-09-13,34.927215,"sentek"
"1253",23,2024-09-14,34.76973875,"sentek"
"1254",23,2024-09-15,34.613769375,"sentek"
"1255",23,2024-09-16,34.5013191666667,"sentek"
"1256",23,2024-09-17,34.3805831578947,"sentek"
"1257",29,2024-05-28,56.08251875,"sentek"
"1258",29,2024-05-29,56.1109122916667,"sentek"
"1259",29,2024-05-30,56.3561691666667,"sentek"
"1260",29,2024-05-31,57.0916104166667,"sentek"
"1261",29,2024-06-01,57.05530375,"sentek"
"1262",29,2024-06-02,56.9860629166667,"sentek"
"1263",29,2024-06-03,56.9504795833333,"sentek"
"1264",29,2024-06-04,56.9276477083333,"sentek"
"1265",29,2024-06-05,56.7993004166667,"sentek"
"1266",29,2024-06-06,56.6425516666667,"sentek"
"1267",29,2024-06-07,56.3744679166667,"sentek"
"1268",29,2024-06-08,56.115515,"sentek"
"1269",29,2024-06-09,55.9192427083333,"sentek"
"1270",29,2024-06-10,55.69847625,"sentek"
"1271",29,2024-06-11,55.16480125,"sentek"
"1272",29,2024-06-12,54.04317375,"sentek"
"1273",29,2024-06-13,52.4756185416667,"sentek"
"1274",29,2024-06-14,51.343156875,"sentek"
"1275",29,2024-06-15,50.5090258333333,"sentek"
"1276",29,2024-06-16,50.1584270833333,"sentek"
"1277",29,2024-06-17,49.9024175,"sentek"
"1278",29,2024-06-18,49.755875625,"sentek"
"1279",29,2024-06-19,49.3070839583333,"sentek"
"1280",29,2024-06-20,49.2302741666667,"sentek"
"1281",29,2024-06-21,49.45088125,"sentek"
"1282",29,2024-06-22,49.5445960416667,"sentek"
"1283",29,2024-06-23,49.3566985416667,"sentek"
"1284",29,2024-06-24,49.119155625,"sentek"
"1285",29,2024-06-25,49.0527458333333,"sentek"
"1286",29,2024-06-26,49.037836875,"sentek"
"1287",29,2024-06-27,48.7616679166667,"sentek"
"1288",29,2024-06-28,48.58728125,"sentek"
"1289",29,2024-06-29,48.3383654166667,"sentek"
"1290",29,2024-06-30,47.9345602083333,"sentek"
"1291",29,2024-07-01,47.8489979166667,"sentek"
"1292",29,2024-07-02,48.47977375,"sentek"
"1293",29,2024-07-03,49.417970625,"sentek"
"1294",29,2024-07-04,49.3356441666667,"sentek"
"1295",29,2024-07-05,48.8229454166667,"sentek"
"1296",29,2024-07-06,48.2257477083333,"sentek"
"1297",29,2024-07-07,47.887143125,"sentek"
"1298",29,2024-07-08,47.7975920833333,"sentek"
"1299",29,2024-07-09,47.633353125,"sentek"
"1300",29,2024-07-10,47.5314758333333,"sentek"
"1301",29,2024-07-11,47.441035625,"sentek"
"1302",29,2024-07-12,47.2892772916667,"sentek"
"1303",29,2024-07-13,47.0839433333333,"sentek"
"1304",29,2024-07-14,46.8559841666667,"sentek"
"1305",29,2024-07-15,46.6572360416667,"sentek"
"1306",29,2024-07-16,46.5773016666667,"sentek"
"1307",29,2024-07-17,51.6356475,"sentek"
"1308",29,2024-07-18,54.9238152083333,"sentek"
"1309",29,2024-07-19,51.717399375,"sentek"
"1310",29,2024-07-20,56.03488875,"sentek"
"1311",29,2024-07-21,54.0397239583333,"sentek"
"1312",29,2024-07-22,50.8403316666667,"sentek"
"1313",29,2024-07-23,47.6980722916667,"sentek"
"1314",29,2024-07-24,47.2414727083333,"sentek"
"1315",29,2024-07-25,45.728738125,"sentek"
"1316",29,2024-07-26,44.0709610416667,"sentek"
"1317",29,2024-07-27,43.0077777083333,"sentek"
"1318",29,2024-07-28,42.3993385416667,"sentek"
"1319",29,2024-07-29,42.0024816666667,"sentek"
"1320",29,2024-07-30,42.41493125,"sentek"
"1321",29,2024-07-31,43.79229625,"sentek"
"1322",29,2024-08-01,42.5786885416667,"sentek"
"1323",29,2024-08-02,41.7655060416667,"sentek"
"1324",29,2024-08-03,41.3196010416667,"sentek"
"1325",29,2024-08-04,41.00531625,"sentek"
"1326",29,2024-08-05,40.77983875,"sentek"
"1327",29,2024-08-06,40.6129608333333,"sentek"
"1328",29,2024-08-07,40.7699760416667,"sentek"
"1329",29,2024-08-08,42.6676958333333,"sentek"
"1330",29,2024-08-09,43.2384439583333,"sentek"
"1331",29,2024-08-10,43.1812741666667,"sentek"
"1332",29,2024-08-11,43.36008625,"sentek"
"1333",29,2024-08-12,43.7865214583333,"sentek"
"1334",29,2024-08-13,44.323311875,"sentek"
"1335",29,2024-08-14,44.3639072916667,"sentek"
"1336",29,2024-08-15,43.4819177083333,"sentek"
"1337",29,2024-08-16,42.561203125,"sentek"
"1338",29,2024-08-17,42.0377214583333,"sentek"
"1339",29,2024-08-18,41.687021875,"sentek"
"1340",29,2024-08-19,41.2914152083333,"sentek"
"1341",29,2024-08-20,40.9959714583333,"sentek"
"1342",29,2024-08-21,40.8169597916667,"sentek"
"1343",29,2024-08-22,40.6640302083333,"sentek"
"1344",29,2024-08-23,40.3784885416667,"sentek"
"1345",29,2024-08-24,40.2980179166667,"sentek"
"1346",29,2024-08-25,40.3066625,"sentek"
"1347",29,2024-08-26,40.2493841666667,"sentek"
"1348",29,2024-08-27,40.0931733333333,"sentek"
"1349",29,2024-08-28,40.0342235416667,"sentek"
"1350",29,2024-08-29,39.9775045833333,"sentek"
"1351",29,2024-08-30,39.7551104166667,"sentek"
"1352",29,2024-08-31,39.69185,"sentek"
"1353",29,2024-09-01,39.683418125,"sentek"
"1354",29,2024-09-02,39.7328577083333,"sentek"
"1355",29,2024-09-03,39.70804125,"sentek"
"1356",29,2024-09-04,39.7060820833333,"sentek"
"1357",29,2024-09-05,39.6139558333333,"sentek"
"1358",29,2024-09-06,39.3484010416667,"sentek"
"1359",29,2024-09-07,39.4011497916667,"sentek"
"1360",29,2024-09-08,39.3913595833333,"sentek"
"1361",29,2024-09-09,39.4484714583333,"sentek"
"1362",29,2024-09-10,39.4716125,"sentek"
"1363",29,2024-09-11,39.4022370833333,"sentek"
"1364",29,2024-09-12,39.3130325,"sentek"
"1365",29,2024-09-13,39.2683827083333,"sentek"
"1366",29,2024-09-14,39.2161697916667,"sentek"
"1367",29,2024-09-15,39.138173125,"sentek"
"1368",29,2024-09-16,39.0583710416667,"sentek"
"1369",29,2024-09-17,38.9086742105263,"sentek"
"1370",30,2024-05-28,39.431625,"sentek"
"1371",30,2024-05-29,39.6180404166667,"sentek"
"1372",30,2024-05-30,39.68043875,"sentek"
"1373",30,2024-05-31,41.2807114583333,"sentek"
"1374",30,2024-06-01,41.0797072916667,"sentek"
"1375",30,2024-06-02,40.9602764583333,"sentek"
"1376",30,2024-06-03,40.9534308333333,"sentek"
"1377",30,2024-06-04,41.231611875,"sentek"
"1378",30,2024-06-05,41.5814252631579,"sentek"
"1379",30,2024-06-23,33.6324226315789,"sentek"
"1380",30,2024-06-24,34.2855697916667,"sentek"
"1381",30,2024-06-25,35.1392102083333,"sentek"
"1382",30,2024-06-26,35.335088125,"sentek"
"1383",30,2024-06-27,33.5496404166667,"sentek"
"1384",30,2024-06-28,33.59293125,"sentek"
"1385",30,2024-06-29,32.8898975,"sentek"
"1386",30,2024-06-30,32.6714535416667,"sentek"
"1387",30,2024-07-01,34.0606020833333,"sentek"
"1388",30,2024-07-02,37.9453385416667,"sentek"
"1389",30,2024-07-03,39.9284983333333,"sentek"
"1390",30,2024-07-04,40.096459375,"sentek"
"1391",30,2024-07-05,39.39991625,"sentek"
"1392",30,2024-07-06,40.4156352083333,"sentek"
"1393",30,2024-07-07,41.1241714583333,"sentek"
"1394",30,2024-07-08,40.6233135416667,"sentek"
"1395",30,2024-07-09,38.8809758333333,"sentek"
"1396",30,2024-07-10,37.160546875,"sentek"
"1397",30,2024-07-11,41.0511195833333,"sentek"
"1398",30,2024-07-12,38.9531039583333,"sentek"
"1399",30,2024-07-13,35.93020625,"sentek"
"1400",30,2024-07-14,33.4989722916667,"sentek"
"1401",30,2024-07-15,32.4672664583333,"sentek"
"1402",30,2024-07-16,32.1863545833333,"sentek"
"1403",30,2024-07-17,38.2540397916667,"sentek"
"1404",30,2024-07-18,40.610656875,"sentek"
"1405",30,2024-07-19,40.0649791666667,"sentek"
"1406",30,2024-07-20,43.0384497916667,"sentek"
"1407",30,2024-07-21,41.6662364583333,"sentek"
"1408",30,2024-07-22,40.4617360416667,"sentek"
"1409",30,2024-07-23,39.5634240816327,"sentek"
"1410",30,2024-07-24,43.538845,"sentek"
"1411",30,2024-07-25,41.8548927083333,"sentek"
"1412",30,2024-07-26,39.9022995833333,"sentek"
"1413",30,2024-07-27,37.7693102083333,"sentek"
"1414",30,2024-07-28,36.446836875,"sentek"
"1415",30,2024-07-29,35.65034,"sentek"
"1416",30,2024-07-30,39.4511375,"sentek"
"1417",30,2024-07-31,41.9450493478261,"sentek"
"1418",30,2024-08-01,40.3097995833333,"sentek"
"1419",30,2024-08-02,39.7688274193548,"sentek"
"1420",30,2024-08-14,40.9516735,"sentek"
"1421",30,2024-08-15,42.6363641666667,"sentek"
"1422",30,2024-08-16,41.8551727083333,"sentek"
"1423",30,2024-08-17,40.7629558333333,"sentek"
"1424",30,2024-08-18,38.9669266666667,"sentek"
"1425",30,2024-08-19,37.1799966666667,"sentek"
"1426",30,2024-08-20,39.8734777083333,"sentek"
"1427",30,2024-08-21,42.8445122916667,"sentek"
"1428",30,2024-08-22,42.06508625,"sentek"
"1429",30,2024-08-23,43.3060758333333,"sentek"
"1430",30,2024-08-24,42.601310625,"sentek"
"1431",30,2024-08-25,41.1688864583333,"sentek"
"1432",30,2024-08-26,39.10659125,"sentek"
"1433",30,2024-08-27,42.2867945833333,"sentek"
"1434",30,2024-08-28,42.4246185416667,"sentek"
"1435",30,2024-08-29,41.2690995833333,"sentek"
"1436",30,2024-08-30,40.3894508333333,"sentek"
"1437",30,2024-08-31,38.831748125,"sentek"
"1438",30,2024-09-01,37.0544222916667,"sentek"
"1439",30,2024-09-02,35.4317929166667,"sentek"
"1440",30,2024-09-03,39.35486375,"sentek"
"1441",30,2024-09-04,41.96286,"sentek"
"1442",30,2024-09-05,41.0527272916667,"sentek"
"1443",30,2024-09-06,40.3744241666667,"sentek"
"1444",30,2024-09-07,39.1596704166667,"sentek"
"1445",30,2024-09-08,37.678985,"sentek"
"1446",30,2024-09-09,36.165165625,"sentek"
"1447",30,2024-09-10,39.276561875,"sentek"
"1448",30,2024-09-11,42.2716203225806,"sentek"
"1449",32,2024-05-28,44.1077184848485,"sentek"
"1450",32,2024-05-29,44.2759447916667,"sentek"
"1451",32,2024-05-30,44.882796875,"sentek"
"1452",32,2024-05-31,45.9265002083333,"sentek"
"1453",32,2024-06-01,45.8493825,"sentek"
"1454",32,2024-06-02,45.7367164583333,"sentek"
"1455",32,2024-06-03,45.615685625,"sentek"
"1456",32,2024-06-04,45.504921875,"sentek"
"1457",32,2024-06-05,45.4001641666667,"sentek"
"1458",32,2024-06-06,45.1621929166667,"sentek"
"1459",32,2024-06-07,44.9031435416667,"sentek"
"1460",32,2024-06-08,44.6700222916667,"sentek"
"1461",32,2024-06-09,44.4747958333333,"sentek"
"1462",32,2024-06-10,44.4346652083333,"sentek"
"1463",32,2024-06-11,44.473303125,"sentek"
"1464",32,2024-06-12,44.384254375,"sentek"
"1465",32,2024-06-13,44.4009920833333,"sentek"
"1466",32,2024-06-14,44.3319233333333,"sentek"
"1467",32,2024-06-15,44.2430041666667,"sentek"
"1468",32,2024-06-16,44.1135510416667,"sentek"
"1469",32,2024-06-17,44.059425,"sentek"
"1470",32,2024-06-18,43.9142852083333,"sentek"
"1471",32,2024-06-19,43.5893954166667,"sentek"
"1472",32,2024-06-20,43.2327922916667,"sentek"
"1473",32,2024-06-21,42.6385308333333,"sentek"
"1474",32,2024-06-22,42.453061875,"sentek"
"1475",32,2024-06-23,42.412635625,"sentek"
"1476",32,2024-06-24,42.3449189583333,"sentek"
"1477",32,2024-06-25,45.8810477083333,"sentek"
"1478",32,2024-06-26,45.3228647916667,"sentek"
"1479",32,2024-06-27,43.4439327083333,"sentek"
"1480",32,2024-06-28,41.83707125,"sentek"
"1481",32,2024-06-29,40.7744889583333,"sentek"
"1482",32,2024-06-30,40.0915404166667,"sentek"
"1483",32,2024-07-01,41.972413125,"sentek"
"1484",32,2024-07-02,41.5894041666667,"sentek"
"1485",32,2024-07-03,40.6331585416667,"sentek"
"1486",32,2024-07-04,40.3929,"sentek"
"1487",32,2024-07-05,40.0453316666667,"sentek"
"1488",32,2024-07-06,40.208286875,"sentek"
"1489",32,2024-07-07,40.5201827083333,"sentek"
"1490",32,2024-07-08,40.2434652083333,"sentek"
"1491",32,2024-07-09,39.3970220833333,"sentek"
"1492",32,2024-07-10,41.9782839583333,"sentek"
"1493",32,2024-07-11,44.8477579166667,"sentek"
"1494",32,2024-07-12,41.3596235416667,"sentek"
"1495",32,2024-07-13,38.2500139583333,"sentek"
"1496",32,2024-07-14,36.3117345833333,"sentek"
"1497",32,2024-07-15,35.4794658333333,"sentek"
"1498",32,2024-07-16,35.044939375,"sentek"
"1499",32,2024-07-17,37.2327197916667,"sentek"
"1500",32,2024-07-18,37.7797045833333,"sentek"
"1501",32,2024-07-19,40.200561875,"sentek"
"1502",32,2024-07-20,43.127891875,"sentek"
"1503",32,2024-07-21,41.8224291666667,"sentek"
"1504",32,2024-07-22,40.3997470833333,"sentek"
"1505",32,2024-07-23,41.4471375,"sentek"
"1506",32,2024-07-24,42.1595535416667,"sentek"
"1507",32,2024-07-25,39.31919375,"sentek"
"1508",32,2024-07-26,37.4228266666667,"sentek"
"1509",32,2024-07-27,36.652403125,"sentek"
"1510",32,2024-07-28,36.1869520833333,"sentek"
"1511",32,2024-07-29,35.7672414583333,"sentek"
"1512",32,2024-07-30,41.7227429166667,"sentek"
"1513",32,2024-07-31,42.295298125,"sentek"
"1514",32,2024-08-01,38.9948214583333,"sentek"
"1515",32,2024-08-02,36.7797185416667,"sentek"
"1516",32,2024-08-03,35.8715752083333,"sentek"
"1517",32,2024-08-04,35.210295,"sentek"
"1518",32,2024-08-05,34.7304064583333,"sentek"
"1519",32,2024-08-06,34.50833125,"sentek"
"1520",32,2024-08-07,36.2134377083333,"sentek"
"1521",32,2024-08-08,38.999965,"sentek"
"1522",32,2024-08-09,39.2917847916667,"sentek"
"1523",32,2024-08-10,39.231815,"sentek"
"1524",32,2024-08-11,39.7605304166667,"sentek"
"1525",32,2024-08-12,41.032178125,"sentek"
"1526",32,2024-08-13,40.9253572916667,"sentek"
"1527",32,2024-08-14,40.150248125,"sentek"
"1528",32,2024-08-15,38.409894375,"sentek"
"1529",32,2024-08-16,37.0741158333333,"sentek"
"1530",32,2024-08-17,36.089315,"sentek"
"1531",32,2024-08-18,35.52350875,"sentek"
"1532",32,2024-08-19,35.0289916666667,"sentek"
"1533",32,2024-08-20,36.0805527083333,"sentek"
"1534",32,2024-08-21,37.4244704166667,"sentek"
"1535",32,2024-08-22,37.7184910416667,"sentek"
"1536",32,2024-08-23,39.1647172916667,"sentek"
"1537",32,2024-08-24,38.6136741666667,"sentek"
"1538",32,2024-08-25,37.140839375,"sentek"
"1539",32,2024-08-26,36.2463283333333,"sentek"
"1540",32,2024-08-27,42.1988014583333,"sentek"
"1541",32,2024-08-28,41.7992645833333,"sentek"
"1542",32,2024-08-29,40.5202985416667,"sentek"
"1543",32,2024-08-30,39.4083729166667,"sentek"
"1544",32,2024-08-31,38.393998125,"sentek"
"1545",32,2024-09-01,37.6751866666667,"sentek"
"1546",32,2024-09-02,37.0200970833333,"sentek"
"1547",32,2024-09-03,36.3819129166667,"sentek"
"1548",32,2024-09-04,35.8398170833333,"sentek"
"1549",32,2024-09-05,35.2344341666667,"sentek"
"1550",32,2024-09-06,35.0069870833333,"sentek"
"1551",32,2024-09-07,34.8121491666667,"sentek"
"1552",32,2024-09-08,34.644545,"sentek"
"1553",32,2024-09-09,34.5909664583333,"sentek"
"1554",32,2024-09-10,34.3995839583333,"sentek"
"1555",32,2024-09-11,34.1404314285714,"sentek"
"1556",33,2024-05-28,45.238163,"sentek"
"1557",33,2024-05-29,45.2268754166667,"sentek"
"1558",33,2024-05-30,45.3407720833333,"sentek"
"1559",33,2024-05-31,46.6970372916667,"sentek"
"1560",33,2024-06-01,46.559805625,"sentek"
"1561",33,2024-06-02,46.421090625,"sentek"
"1562",33,2024-06-03,46.3317833333333,"sentek"
"1563",33,2024-06-04,46.249941875,"sentek"
"1564",33,2024-06-05,46.188381875,"sentek"
"1565",33,2024-06-06,46.1772839583333,"sentek"
"1566",33,2024-06-07,45.9482270833333,"sentek"
"1567",33,2024-06-08,45.4872902083333,"sentek"
"1568",33,2024-06-09,44.987501875,"sentek"
"1569",33,2024-06-10,44.1753822916667,"sentek"
"1570",33,2024-06-11,42.6492489583333,"sentek"
"1571",33,2024-06-12,41.1525775,"sentek"
"1572",33,2024-06-13,40.2197447916667,"sentek"
"1573",33,2024-06-14,39.7722285416667,"sentek"
"1574",33,2024-06-15,39.5643489583333,"sentek"
"1575",33,2024-06-16,39.4306925,"sentek"
"1576",33,2024-06-17,39.207813125,"sentek"
"1577",33,2024-06-18,39.1158570833333,"sentek"
"1578",33,2024-06-19,38.7935685416667,"sentek"
"1579",33,2024-06-20,38.3998152083333,"sentek"
"1580",33,2024-06-21,38.26036375,"sentek"
"1581",33,2024-06-22,38.246259375,"sentek"
"1582",33,2024-06-23,37.7781764583333,"sentek"
"1583",33,2024-06-24,37.355455625,"sentek"
"1584",33,2024-06-25,39.1876641666667,"sentek"
"1585",33,2024-06-26,42.2522322916667,"sentek"
"1586",33,2024-06-27,39.8593610416667,"sentek"
"1587",33,2024-06-28,37.0350925,"sentek"
"1588",33,2024-06-29,34.844545625,"sentek"
"1589",33,2024-06-30,33.8671808333333,"sentek"
"1590",33,2024-07-01,35.445823125,"sentek"
"1591",33,2024-07-02,38.93339125,"sentek"
"1592",33,2024-07-03,35.2461814583333,"sentek"
"1593",33,2024-07-04,33.4965270833333,"sentek"
"1594",33,2024-07-05,32.5576220833333,"sentek"
"1595",33,2024-07-06,32.9476360416667,"sentek"
"1596",33,2024-07-07,33.4834554166667,"sentek"
"1597",33,2024-07-08,32.6072758333333,"sentek"
"1598",33,2024-07-09,31.3113189583333,"sentek"
"1599",33,2024-07-10,30.49164625,"sentek"
"1600",33,2024-07-11,38.4346335416667,"sentek"
"1601",33,2024-07-12,37.2490604166667,"sentek"
"1602",33,2024-07-13,34.0248370833333,"sentek"
"1603",33,2024-07-14,32.747878125,"sentek"
"1604",33,2024-07-15,32.0204152083333,"sentek"
"1605",33,2024-07-16,31.4267070833333,"sentek"
"1606",33,2024-07-17,33.56812,"sentek"
"1607",33,2024-07-18,38.7268870833333,"sentek"
"1608",33,2024-07-19,36.0680595833333,"sentek"
"1609",33,2024-07-20,41.1397254166667,"sentek"
"1610",33,2024-07-21,40.2317452083333,"sentek"
"1611",33,2024-07-22,38.2819097916667,"sentek"
"1612",33,2024-07-23,36.523186875,"sentek"
"1613",33,2024-07-24,38.6847622916667,"sentek"
"1614",33,2024-07-25,37.4395904166667,"sentek"
"1615",33,2024-07-26,34.990339375,"sentek"
"1616",33,2024-07-27,33.6429408333333,"sentek"
"1617",33,2024-07-28,33.0716529166667,"sentek"
"1618",33,2024-07-29,32.6116297916667,"sentek"
"1619",33,2024-07-30,33.3496483333333,"sentek"
"1620",33,2024-07-31,41.3823483333333,"sentek"
"1621",33,2024-08-01,38.9769885416667,"sentek"
"1622",33,2024-08-02,35.941155,"sentek"
"1623",33,2024-08-03,34.1617779166667,"sentek"
"1624",33,2024-08-04,33.1468114583333,"sentek"
"1625",33,2024-08-05,32.4644079166667,"sentek"
"1626",33,2024-08-06,32.1280010416667,"sentek"
"1627",33,2024-08-07,31.9565022916667,"sentek"
"1628",33,2024-08-08,34.1097602083333,"sentek"
"1629",33,2024-08-09,34.700566875,"sentek"
"1630",33,2024-08-10,34.5696277083333,"sentek"
"1631",33,2024-08-11,34.590995625,"sentek"
"1632",33,2024-08-12,35.6301220833333,"sentek"
"1633",33,2024-08-13,38.492755625,"sentek"
"1634",33,2024-08-14,42.3730014583333,"sentek"
"1635",33,2024-08-15,41.22507625,"sentek"
"1636",33,2024-08-16,39.4587097916667,"sentek"
"1637",33,2024-08-17,37.5197033333333,"sentek"
"1638",33,2024-08-18,35.7697770833333,"sentek"
"1639",33,2024-08-19,34.4885641666667,"sentek"
"1640",33,2024-08-20,33.6248170833333,"sentek"
"1641",33,2024-08-21,35.4734695833333,"sentek"
"1642",33,2024-08-22,35.4503685416667,"sentek"
"1643",33,2024-08-23,36.173535625,"sentek"
"1644",33,2024-08-24,36.4285875,"sentek"
"1645",33,2024-08-25,35.0346941666667,"sentek"
"1646",33,2024-08-26,33.4673541666667,"sentek"
"1647",33,2024-08-27,33.8454685416667,"sentek"
"1648",33,2024-08-28,36.4665672916667,"sentek"
"1649",33,2024-08-29,35.5303016666667,"sentek"
"1650",33,2024-08-30,34.6677110416667,"sentek"
"1651",33,2024-08-31,33.4919925,"sentek"
"1652",33,2024-09-01,32.599436875,"sentek"
"1653",33,2024-09-02,32.0622747916667,"sentek"
"1654",33,2024-09-03,31.6358375,"sentek"
"1655",33,2024-09-04,31.2922327083333,"sentek"
"1656",33,2024-09-05,31.056516875,"sentek"
"1657",33,2024-09-06,30.8024014583333,"sentek"
"1658",33,2024-09-07,30.717931875,"sentek"
"1659",33,2024-09-08,30.6267804166667,"sentek"
"1660",33,2024-09-09,30.6279770833333,"sentek"
"1661",33,2024-09-10,30.6214689583333,"sentek"
"1662",33,2024-09-11,30.5705397916667,"sentek"
"1663",33,2024-09-12,30.5097854166667,"sentek"
"1664",33,2024-09-13,30.4865154166667,"sentek"
"1665",33,2024-09-14,30.469795,"sentek"
"1666",33,2024-09-15,30.4146002083333,"sentek"
"1667",33,2024-09-16,30.30432625,"sentek"
"1668",33,2024-09-17,30.1587378947368,"sentek"
"1669",34,2024-05-28,39.705725,"sentek"
"1670",34,2024-05-29,40.3009264583333,"sentek"
"1671",34,2024-05-30,40.4934352083333,"sentek"
"1672",34,2024-05-31,40.7354647916667,"sentek"
"1673",34,2024-06-01,40.5401847916667,"sentek"
"1674",34,2024-06-02,40.1774220833333,"sentek"
"1675",34,2024-06-03,39.9013447916667,"sentek"
"1676",34,2024-06-04,39.7760714583333,"sentek"
"1677",34,2024-06-05,39.7159077083333,"sentek"
"1678",34,2024-06-06,39.691985,"sentek"
"1679",34,2024-06-07,39.7434495833333,"sentek"
"1680",34,2024-06-08,40.0921447916667,"sentek"
"1681",34,2024-06-09,40.0662210416667,"sentek"
"1682",34,2024-06-10,39.657133125,"sentek"
"1683",34,2024-06-11,39.0580389583333,"sentek"
"1684",34,2024-06-12,38.668569375,"sentek"
"1685",34,2024-06-13,38.1486804166667,"sentek"
"1686",34,2024-06-14,37.0417997916667,"sentek"
"1687",34,2024-06-15,36.1053402083333,"sentek"
"1688",34,2024-06-16,35.392675,"sentek"
"1689",34,2024-06-17,34.24425625,"sentek"
"1690",34,2024-06-18,32.9243454166667,"sentek"
"1691",34,2024-06-19,31.9257291666667,"sentek"
"1692",34,2024-06-20,30.8461314583333,"sentek"
"1693",34,2024-06-21,29.5022927083333,"sentek"
"1694",34,2024-06-22,28.837803125,"sentek"
"1695",34,2024-06-23,28.445225,"sentek"
"1696",34,2024-06-24,28.0436164583333,"sentek"
"1697",34,2024-06-25,29.6842470833333,"sentek"
"1698",34,2024-06-26,34.6604525,"sentek"
"1699",34,2024-06-27,35.2241610416667,"sentek"
"1700",34,2024-06-28,35.171500625,"sentek"
"1701",34,2024-06-29,34.65356125,"sentek"
"1702",34,2024-06-30,33.7180275,"sentek"
"1703",34,2024-07-01,33.5876560416667,"sentek"
"1704",34,2024-07-02,34.8543775,"sentek"
"1705",34,2024-07-03,34.7169445833333,"sentek"
"1706",34,2024-07-04,34.0393664583333,"sentek"
"1707",34,2024-07-05,33.6470220833333,"sentek"
"1708",34,2024-07-06,33.2406125,"sentek"
"1709",34,2024-07-07,33.4672333333333,"sentek"
"1710",34,2024-07-08,33.8550945833333,"sentek"
"1711",34,2024-07-09,33.5909270833333,"sentek"
"1712",34,2024-07-10,32.8150435416667,"sentek"
"1713",34,2024-07-11,36.407641875,"sentek"
"1714",34,2024-07-12,36.1296425,"sentek"
"1715",34,2024-07-13,35.0962508333333,"sentek"
"1716",34,2024-07-14,34.1091225,"sentek"
"1717",34,2024-07-15,32.756868125,"sentek"
"1718",34,2024-07-16,31.4966658333333,"sentek"
"1719",34,2024-07-17,33.4622414583333,"sentek"
"1720",34,2024-07-18,37.439714375,"sentek"
"1721",34,2024-07-19,36.9398325,"sentek"
"1722",34,2024-07-20,38.9280579166667,"sentek"
"1723",34,2024-07-21,38.0797366666667,"sentek"
"1724",34,2024-07-22,37.4698095833333,"sentek"
"1725",34,2024-07-23,37.4441077083333,"sentek"
"1726",34,2024-07-24,38.936853125,"sentek"
"1727",34,2024-07-25,37.74357,"sentek"
"1728",34,2024-07-26,36.56267,"sentek"
"1729",34,2024-07-27,35.3534075,"sentek"
"1730",34,2024-07-28,34.3578629166667,"sentek"
"1731",34,2024-07-29,33.5955679166667,"sentek"
"1732",34,2024-07-30,34.179821875,"sentek"
"1733",34,2024-07-31,38.31261625,"sentek"
"1734",34,2024-08-01,36.7702452083333,"sentek"
"1735",34,2024-08-02,35.2503877083333,"sentek"
"1736",34,2024-08-03,34.18181125,"sentek"
"1737",34,2024-08-04,33.38748125,"sentek"
"1738",34,2024-08-05,33.002179375,"sentek"
"1739",34,2024-08-06,32.857913125,"sentek"
"1740",34,2024-08-07,32.7226916666667,"sentek"
"1741",34,2024-08-08,34.197890625,"sentek"
"1742",34,2024-08-09,34.8795052083333,"sentek"
"1743",34,2024-08-10,35.0798304166667,"sentek"
"1744",34,2024-08-11,35.1094529166667,"sentek"
"1745",34,2024-08-12,36.9535639583333,"sentek"
"1746",34,2024-08-13,38.3935925,"sentek"
"1747",34,2024-08-14,38.8506141666667,"sentek"
"1748",34,2024-08-15,37.9712247916667,"sentek"
"1749",34,2024-08-16,36.88656,"sentek"
"1750",34,2024-08-17,35.7977958333333,"sentek"
"1751",34,2024-08-18,34.6676333333333,"sentek"
"1752",34,2024-08-19,33.7841525,"sentek"
"1753",34,2024-08-20,34.4316685416667,"sentek"
"1754",34,2024-08-21,37.7867254166667,"sentek"
"1755",34,2024-08-22,36.9234872916667,"sentek"
"1756",34,2024-08-23,36.1570814583333,"sentek"
"1757",34,2024-08-24,35.863315,"sentek"
"1758",34,2024-08-25,34.4706464583333,"sentek"
"1759",34,2024-08-26,33.0131885416667,"sentek"
"1760",34,2024-08-27,33.833430625,"sentek"
"1761",34,2024-08-28,36.7965183333333,"sentek"
"1762",34,2024-08-29,35.6226135416667,"sentek"
"1763",34,2024-08-30,34.7276635416667,"sentek"
"1764",34,2024-08-31,33.38612375,"sentek"
"1765",34,2024-09-01,32.1732364583333,"sentek"
"1766",34,2024-09-02,31.2712358333333,"sentek"
"1767",34,2024-09-03,30.9681154166667,"sentek"
"1768",34,2024-09-04,31.4657154166667,"sentek"
"1769",34,2024-09-05,31.1127627083333,"sentek"
"1770",34,2024-09-06,30.808493125,"sentek"
"1771",34,2024-09-07,30.3963947916667,"sentek"
"1772",34,2024-09-08,29.9931122916667,"sentek"
"1773",34,2024-09-09,29.633546875,"sentek"
"1774",34,2024-09-10,29.3347889583333,"sentek"
"1775",34,2024-09-11,29.132440625,"sentek"
"1776",34,2024-09-12,29.0006022916667,"sentek"
"1777",34,2024-09-13,28.8934858333333,"sentek"
"1778",34,2024-09-14,28.886635,"sentek"
"1779",34,2024-09-15,28.7697270833333,"sentek"
"1780",34,2024-09-16,28.57961625,"sentek"
"1781",34,2024-09-17,28.5125815789474,"sentek"
