{
    "id": "20240508_164946_37_24c1",
    "type": "Feature",
    "geometry": {
        "type": "Polygon",
        "coordinates": [
            [
                [
                    -101.06639789,
                    39.38495273
                ],
                [
                    -101.06639789,
                    39.38723832
                ],
                [
                    -101.06405297,
                    39.38723832
                ],
                [
                    -101.06405297,
                    39.38495273
                ],
                [
                    -101.06639789,
                    39.38495273
                ]
            ]
        ]
    },
    "properties": {
        "acquired": "2024-05-08T16:49:46.370017Z",
        "anomalous_pixels": 0,
        "clear_confidence_percent": 98,
        "clear_percent": 100,
        "cloud_cover": 0.0,
        "cloud_percent": 0,
        "ground_control": true,
        "gsd": 3.8,
        "heavy_haze_percent": 0,
        "instrument": "PSB.SD",
        "item_type": "PSScene",
        "light_haze_percent": 0,
        "pixel_resolution": 3,
        "provider": "planetscope",
        "published": "2024-05-08T21:24:38Z",
        "publishing_stage": "finalized",
        "quality_category": "standard",
        "satellite_azimuth": 278.1,
        "satellite_id": "24c1",
        "shadow_percent": 0,
        "snow_ice_percent": 0,
        "strip_id": "7292760",
        "sun_azimuth": 123.7,
        "sun_elevation": 57,
        "updated": "2024-05-09T04:48:33Z",
        "view_angle": 5,
        "visible_confidence_percent": 98,
        "visible_percent": 100
    }
}