{
  "type": "Feature",
  "stac_version": "1.0.0",
  "id": "20240731_174037_59_24dd",
  "properties": {
    "updated": "2024-08-01T15:58:07Z",
    "created": "2024-08-01T06:50:23Z",
    "gsd": 3.8,
    "constellation": "planetscope",
    "platform": "24dd",
    "instruments": [
      "PSB.SD"
    ],
    "eo:cloud_cover": 0,
    "view:off_nadir": 1.7,
    "view:azimuth": 105.6,
    "view:sun_azimuth": 140,
    "view:sun_elevation": 64,
    "pl:ground_control": true,
    "pl:item_type": "PSScene",
    "pl:pixel_resolution": 3,
    "pl:publishing_stage": "finalized",
    "pl:quality_category": "standard",
    "pl:strip_id": "7478318",
    "published": "2024-08-01T06:50:23Z",
    "datetime": "2024-07-31T17:40:37.592918Z"
  },
  "geometry": {
    "type": "Polygon",
    "coordinates": [
      [
        [
          -101.06639789,
          39.38495273
        ],
        [
          -101.06639789,
          39.38723832
        ],
        [
          -101.06405297,
          39.38723832
        ],
        [
          -101.06405297,
          39.38495273
        ],
        [
          -101.06639789,
          39.38495273
        ]
      ]
    ]
  },
  "links": [
    {
      "rel": "root",
      "href": "../catalog.json",
      "type": "application/json"
    },
    {
      "rel": "collection",
      "href": "./PSScene_collection.json",
      "type": "application/json"
    },
    {
      "rel": "parent",
      "href": "./PSScene_collection.json",
      "type": "application/json"
    }
  ],
  "assets": {
    "20240731_174037_59_24dd_metadata_json": {
      "href": "./20240731_174037_59_24dd_metadata.json",
      "type": "application/json",
      "roles": [
        "metadata"
      ]
    },
    "20240731_174037_59_24dd_3B_AnalyticMS_8b_metadata_clip_xml": {
      "href": "./20240731_174037_59_24dd_3B_AnalyticMS_8b_metadata_clip.xml",
      "type": "text/xml",
      "pl:asset_type": "ortho_analytic_8b_xml",
      "pl:bundle_type": "analytic_8b_sr_udm2",
      "roles": [
        "metadata"
      ]
    },
    "20240731_174037_59_24dd_3B_AnalyticMS_SR_8b_clip_tif": {
      "href": "./20240731_174037_59_24dd_3B_AnalyticMS_SR_8b_clip.tif",
      "type": "image/tiff",
      "pl:asset_type": "ortho_analytic_8b_sr",
      "pl:bundle_type": "analytic_8b_sr_udm2",
      "raster:bands": [
        {
          "nodata": 0.0,
          "data_type": "uint16",
          "spatial_resolution": 3.0,
          "statistics": {
            "minimum": 28.0,
            "maximum": 745.0
          },
          "scale": 0.0001
        },
        {
          "nodata": 0.0,
          "data_type": "uint16",
          "spatial_resolution": 3.0,
          "statistics": {
            "minimum": 191.0,
            "maximum": 956.0
          },
          "scale": 0.0001
        },
        {
          "nodata": 0.0,
          "data_type": "uint16",
          "spatial_resolution": 3.0,
          "statistics": {
            "minimum": 351.0,
            "maximum": 1111.0
          },
          "scale": 0.0001
        },
        {
          "nodata": 0.0,
          "data_type": "uint16",
          "spatial_resolution": 3.0,
          "statistics": {
            "minimum": 423.0,
            "maximum": 1269.0
          },
          "scale": 0.0001
        },
        {
          "nodata": 0.0,
          "data_type": "uint16",
          "spatial_resolution": 3.0,
          "statistics": {
            "minimum": 387.0,
            "maximum": 1473.0
          },
          "scale": 0.0001
        },
        {
          "nodata": 0.0,
          "data_type": "uint16",
          "spatial_resolution": 3.0,
          "statistics": {
            "minimum": 378.0,
            "maximum": 1574.0
          },
          "scale": 0.0001
        },
        {
          "nodata": 0.0,
          "data_type": "uint16",
          "spatial_resolution": 3.0,
          "statistics": {
            "minimum": 587.0,
            "maximum": 1853.0
          },
          "scale": 0.0001
        },
        {
          "nodata": 0.0,
          "data_type": "uint16",
          "spatial_resolution": 3.0,
          "statistics": {
            "minimum": 2702.0,
            "maximum": 3841.0
          },
          "scale": 0.0001
        }
      ],
      "eo:bands": [
        {
          "name": "Coastal Blue",
          "common_name": "coastal",
          "center_wavelength": 0.442,
          "full_width_half_max": 0.021
        },
        {
          "name": "Blue",
          "common_name": "blue",
          "center_wavelength": 0.49,
          "full_width_half_max": 0.05
        },
        {
          "name": "Green I",
          "center_wavelength": 0.531,
          "full_width_half_max": 0.036
        },
        {
          "name": "Green",
          "common_name": "green",
          "center_wavelength": 0.565,
          "full_width_half_max": 0.036
        },
        {
          "name": "Yellow",
          "common_name": "yellow",
          "center_wavelength": 0.61,
          "full_width_half_max": 0.02
        },
        {
          "name": "Red",
          "common_name": "red",
          "center_wavelength": 0.665,
          "full_width_half_max": 0.03
        },
        {
          "name": "Red Edge",
          "common_name": "rededge",
          "center_wavelength": 0.705,
          "full_width_half_max": 0.016
        },
        {
          "name": "Near-Infrared",
          "common_name": "nir",
          "center_wavelength": 0.865,
          "full_width_half_max": 0.04
        }
      ],
      "proj:epsg": 32614,
      "proj:bbox": [
        322032.0,
        4361526.0,
        322242.0,
        4361790.0
      ],
      "proj:shape": [
        88,
        70
      ],
      "proj:transform": [
        3.0,
        0.0,
        322032.0,
        0.0,
        -3.0,
        4361790.0,
        0.0,
        0.0,
        1.0
      ],
      "roles": [
        "data",
        "reflectance"
      ]
    },
    "20240731_174037_59_24dd_3B_udm2_clip_tif": {
      "href": "./20240731_174037_59_24dd_3B_udm2_clip.tif",
      "type": "image/tiff; application=geotiff; profile=cloud-optimized",
      "pl:asset_type": "ortho_udm2",
      "pl:bundle_type": "analytic_8b_sr_udm2",
      "raster:bands": [
        {
          "data_type": "uint8",
          "spatial_resolution": 3.0,
          "statistics": {
            "minimum": 0.0,
            "maximum": 1.0
          }
        },
        {
          "data_type": "uint8",
          "spatial_resolution": 3.0,
          "statistics": {
            "minimum": 0.0,
            "maximum": 0.0
          }
        },
        {
          "data_type": "uint8",
          "spatial_resolution": 3.0,
          "statistics": {
            "minimum": 0.0,
            "maximum": 0.0
          }
        },
        {
          "data_type": "uint8",
          "spatial_resolution": 3.0,
          "statistics": {
            "minimum": 0.0,
            "maximum": 0.0
          }
        },
        {
          "data_type": "uint8",
          "spatial_resolution": 3.0,
          "statistics": {
            "minimum": 0.0,
            "maximum": 0.0
          }
        },
        {
          "data_type": "uint8",
          "spatial_resolution": 3.0,
          "statistics": {
            "minimum": 0.0,
            "maximum": 0.0
          }
        },
        {
          "data_type": "uint8",
          "spatial_resolution": 3.0,
          "statistics": {
            "minimum": 0.0,
            "maximum": 98.0
          }
        },
        {
          "data_type": "uint8",
          "spatial_resolution": 3.0,
          "statistics": {
            "minimum": 0.0,
            "maximum": 1.0
          }
        }
      ],
      "eo:bands": [
        {
          "name": "B1",
          "description": "Clear map (0: not clear, 1: clear)"
        },
        {
          "name": "B2",
          "description": "Snow map (0: no snow or ice, 1: snow or ice)"
        },
        {
          "name": "B3",
          "description": "Shadow map (0: no shadow, 1: shadow)"
        },
        {
          "name": "B4",
          "description": "Light haze map (0: no light haze, 1: light haze)"
        },
        {
          "name": "B5",
          "description": "Heavy haze map (0: no heavy haze, 1: heavy haze)"
        },
        {
          "name": "B6",
          "description": "Cloud map (0: no cloud, 1: cloud)"
        },
        {
          "name": "B7",
          "description": "Confidence map (percentage value: per-pixel algorithmic confidence in classification)"
        },
        {
          "name": "B8",
          "description": "Unusable pixels"
        }
      ],
      "proj:epsg": 32614,
      "proj:bbox": [
        322032.0,
        4361526.0,
        322242.0,
        4361790.0
      ],
      "proj:shape": [
        88,
        70
      ],
      "proj:transform": [
        3.0,
        0.0,
        322032.0,
        0.0,
        -3.0,
        4361790.0,
        0.0,
        0.0,
        1.0
      ],
      "roles": [
        "data",
        "snow-ice",
        "cloud",
        "cloud-shadow"
      ]
    }
  },
  "bbox": [
    -101.06639789,
    39.38495273,
    -101.06405297,
    39.38723832
  ],
  "stac_extensions": [
    "https://stac-extensions.github.io/eo/v1.0.0/schema.json",
    "https://stac-extensions.github.io/view/v1.0.0/schema.json",
    "https://stac-extensions.github.io/raster/v1.1.0/schema.json",
    "https://stac-extensions.github.io/projection/v1.1.0/schema.json"
  ],
  "collection": "74b8aa58-da06-4c78-a6a8-80e0551f3868: PSScene"
}