{
    "id": "20240913_174303_01_24cd",
    "type": "Feature",
    "geometry": {
        "type": "Polygon",
        "coordinates": [
            [
                [
                    -101.06639789,
                    39.38495273
                ],
                [
                    -101.06639789,
                    39.38723832
                ],
                [
                    -101.06405297,
                    39.38723832
                ],
                [
                    -101.06405297,
                    39.38495273
                ],
                [
                    -101.06639789,
                    39.38495273
                ]
            ]
        ]
    },
    "properties": {
        "acquired": "2024-09-13T17:43:03.012466Z",
        "anomalous_pixels": 0,
        "clear_confidence_percent": 99,
        "clear_percent": 100,
        "cloud_cover": 0.0,
        "cloud_percent": 0,
        "ground_control": true,
        "gsd": 3.9,
        "heavy_haze_percent": 0,
        "instrument": "PSB.SD",
        "item_type": "PSScene",
        "light_haze_percent": 0,
        "pixel_resolution": 3,
        "provider": "planetscope",
        "published": "2024-09-14T05:38:02Z",
        "publishing_stage": "finalized",
        "quality_category": "standard",
        "satellite_azimuth": 276.4,
        "satellite_id": "24cd",
        "shadow_percent": 0,
        "snow_ice_percent": 0,
        "strip_id": "7576675",
        "sun_azimuth": 156.2,
        "sun_elevation": 51.6,
        "updated": "2024-09-14T12:19:47Z",
        "view_angle": 3.2,
        "visible_confidence_percent": 99,
        "visible_percent": 100
    }
}