<?xml version="1.0" encoding="UTF-8"?>
<ps:EarthObservation xsi:schemaLocation="http://schemas.planet.com/ps/v1/planet_product_metadata_geocorrected_level http://schemas.planet.com/ps/v1/planet_product_metadata_geocorrected_level.xsd" xmlns:xsi="http://www.w3.org/2001/XMLSchema-instance" xmlns:xs="http://www.w3.org/2001/XMLSchema" xmlns:xlink="http://www.w3.org/1999/xlink" xmlns:opt="http://earth.esa.int/opt" xmlns:gml="http://www.opengis.net/gml" xmlns:eop="http://earth.esa.int/eop" version="1.2.1" planet_standard_product_version="1.0" xmlns:ps="http://schemas.planet.com/ps/v1/planet_product_metadata_geocorrected_level">
  <gml:metaDataProperty>
    <ps:EarthObservationMetaData>
      <eop:identifier>20240508_164946_37_24c1_3B_AnalyticMS_8b</eop:identifier>
      <eop:acquisitionType>NOMINAL</eop:acquisitionType>
      <eop:productType>L3B</eop:productType>
      <eop:status>ARCHIVED</eop:status>
      <eop:downlinkedTo>
        <eop:DownlinkInformation>
          <eop:acquisitionStation codeSpace="urn:eop:PS:stationLocation">Planet Ground Station Network</eop:acquisitionStation>
          <eop:acquisitionDate>2024-05-08T16:49:46+00:00</eop:acquisitionDate>
        </eop:DownlinkInformation>
      </eop:downlinkedTo>
      <eop:archivedIn>
        <eop:ArchivingInformation>
          <eop:archivingCenter codeSpace="urn:eop:PS:stationLocation">Planet Archive Center</eop:archivingCenter>
          <eop:archivingDate>2024-05-08T16:49:46+00:00</eop:archivingDate>
          <eop:archivingIdentifier codeSpace="urn:eop:PS:dmsCatalogueId">7292760</eop:archivingIdentifier>
        </eop:ArchivingInformation>
      </eop:archivedIn>
      <eop:processing>
        <eop:ProcessingInformation>
          <eop:processorName>CMO Processor</eop:processorName>
          <eop:processorVersion>4.1.4</eop:processorVersion>
          <eop:nativeProductFormat>GeoTIFF</eop:nativeProductFormat>
        </eop:ProcessingInformation>
      </eop:processing>
      <ps:license>
        <ps:licenseType>20160101 - Inc - Single User</ps:licenseType>
        <ps:resourceLink xlink:title="PL EULA" xlink:href="https://assets.planet.com/docs/20160101_Inc_SingleUser.txt" />
      </ps:license>
      <ps:versionIsd>1.0</ps:versionIsd>
      <ps:pixelFormat>16U</ps:pixelFormat>
    </ps:EarthObservationMetaData>
  </gml:metaDataProperty>
  <gml:validTime>
    <gml:TimePeriod>
      <gml:beginPosition>2024-05-08T16:49:46+00:00</gml:beginPosition>
      <gml:endPosition>2024-05-08T16:49:46+00:00</gml:endPosition>
    </gml:TimePeriod>
  </gml:validTime>
  <gml:using>
    <eop:EarthObservationEquipment>
      <eop:platform>
        <eop:Platform>
          <eop:shortName>PlanetScope</eop:shortName>
          <eop:serialIdentifier>24c1</eop:serialIdentifier>
          <eop:orbitType>LEO-SSO</eop:orbitType>
        </eop:Platform>
      </eop:platform>
      <eop:instrument>
        <eop:Instrument>
          <eop:shortName>PSB.SD</eop:shortName>
        </eop:Instrument>
      </eop:instrument>
      <eop:sensor>
        <ps:Sensor>
          <eop:sensorType>OPTICAL</eop:sensorType>
          <eop:resolution uom="m">3.0000</eop:resolution>
          <ps:scanType>FRAME</ps:scanType>
        </ps:Sensor>
      </eop:sensor>
      <eop:acquisitionParameters>
        <ps:Acquisition>
          <eop:orbitDirection>DESCENDING</eop:orbitDirection>
          <eop:incidenceAngle uom="deg">5.480187e+00</eop:incidenceAngle>
          <opt:illuminationAzimuthAngle uom="deg">1.237408e+02</opt:illuminationAzimuthAngle>
          <opt:illuminationElevationAngle uom="deg">5.698773e+01</opt:illuminationElevationAngle>
          <ps:azimuthAngle uom="deg">1.277315e+01</ps:azimuthAngle>
          <ps:spaceCraftViewAngle uom="deg">4.982092e+00</ps:spaceCraftViewAngle>
          <ps:acquisitionDateTime>2024-05-08T16:49:46+00:00</ps:acquisitionDateTime>
        </ps:Acquisition>
      </eop:acquisitionParameters>
    </eop:EarthObservationEquipment>
  </gml:using>
  <gml:target>
    <ps:Footprint>
      <gml:multiExtentOf>
        <gml:MultiSurface srsName="EPSG:4326">
          <gml:surfaceMembers>
            <gml:Polygon>
              <gml:outerBoundaryIs>
                <gml:LinearRing>
                  <gml:coordinates>-101.06639789,39.38495273 -101.06639789,39.38723832 -101.06405297,39.38723832 -101.06405297,39.38495273 -101.06639789,39.38495273</gml:coordinates>
                </gml:LinearRing>
              </gml:outerBoundaryIs>
            </gml:Polygon>
          </gml:surfaceMembers>
        </gml:MultiSurface>
      </gml:multiExtentOf>
      <gml:centerOf>
        <gml:Point srsName="EPSG:4326">
          <gml:pos>-101.1769888579 39.3551728443</gml:pos>
        </gml:Point>
      </gml:centerOf>
      <ps:geographicLocation>
        <ps:topLeft>
          <ps:latitude>39.4766005414</ps:latitude>
          <ps:longitude>-101.3935593872</ps:longitude>
        </ps:topLeft>
        <ps:topRight>
          <ps:latitude>39.4766005414</ps:latitude>
          <ps:longitude>-100.9600489997</ps:longitude>
        </ps:topRight>
        <ps:bottomRight>
          <ps:latitude>39.2332983659</ps:latitude>
          <ps:longitude>-100.9600489997</ps:longitude>
        </ps:bottomRight>
        <ps:bottomLeft>
          <ps:latitude>39.2332983659</ps:latitude>
          <ps:longitude>-101.3935593872</ps:longitude>
        </ps:bottomLeft>
      </ps:geographicLocation>
    </ps:Footprint>
  </gml:target>
  <gml:resultOf>
    <ps:EarthObservationResult>
      <eop:product>
        <ps:ProductInformation>
          <eop:fileName>/execdir/20240508_164946_37_24c1_3B_AnalyticMS_8b_clip.tif</eop:fileName>
          <ps:productFormat>GeoTIFF</ps:productFormat>
          <ps:spatialReferenceSystem>
            <ps:epsgCode>32614</ps:epsgCode>
            <ps:geodeticDatum>WGS_1984</ps:geodeticDatum>
            <ps:projection>WGS 84 / UTM zone 14N</ps:projection>
            <ps:projectionZone>14</ps:projectionZone>
          </ps:spatialReferenceSystem>
          <ps:resamplingKernel>CC</ps:resamplingKernel>
          <ps:numRows>88</ps:numRows>
          <ps:numColumns>70</ps:numColumns>
          <ps:numBands>8</ps:numBands>
          <ps:rowGsd>3.0</ps:rowGsd>
          <ps:columnGsd>3.0</ps:columnGsd>
          <ps:radiometricCorrectionApplied>true</ps:radiometricCorrectionApplied>
          <ps:geoCorrectionLevel>Precision Geocorrection</ps:geoCorrectionLevel>
          <ps:elevationCorrectionApplied>FineDEM</ps:elevationCorrectionApplied>
          <ps:atmosphericCorrectionApplied>false</ps:atmosphericCorrectionApplied>
        </ps:ProductInformation>
      </eop:product>
      <eop:mask>
        <eop:MaskInformation>
          <eop:type>UNUSABLE DATA</eop:type>
          <eop:format>RASTER</eop:format>
          <eop:referenceSystemIdentifier codeSpace="EPSG">32614</eop:referenceSystemIdentifier>
          <eop:fileName>NA</eop:fileName>
        </eop:MaskInformation>
      </eop:mask>
      <opt:cloudCoverPercentage uom="percentage">0.0</opt:cloudCoverPercentage>
      <opt:cloudCoverPercentageQuotationMode>AUTOMATIC</opt:cloudCoverPercentageQuotationMode>
      <ps:unusableDataPercentage uom="percentage">0.0</ps:unusableDataPercentage>
      <ps:bandSpecificMetadata>
        <ps:bandNumber>1</ps:bandNumber>
        <!-- Multiply by radiometricScaleFactor to convert DNs to TOA Radiance (watts per steradian per square metre -->
        <ps:radiometricScaleFactor>0.01</ps:radiometricScaleFactor>
        <!-- Multiply by reflectanceCoefficient to convert DNs to TOA Reflectance -->
        <ps:reflectanceCoefficient>2.0089773761591648e-05</ps:reflectanceCoefficient>
      </ps:bandSpecificMetadata>
      <ps:bandSpecificMetadata>
        <ps:bandNumber>2</ps:bandNumber>
        <!-- Multiply by radiometricScaleFactor to convert DNs to TOA Radiance (watts per steradian per square metre -->
        <ps:radiometricScaleFactor>0.01</ps:radiometricScaleFactor>
        <!-- Multiply by reflectanceCoefficient to convert DNs to TOA Reflectance -->
        <ps:reflectanceCoefficient>1.940191994403289e-05</ps:reflectanceCoefficient>
      </ps:bandSpecificMetadata>
      <ps:bandSpecificMetadata>
        <ps:bandNumber>3</ps:bandNumber>
        <!-- Multiply by radiometricScaleFactor to convert DNs to TOA Radiance (watts per steradian per square metre -->
        <ps:radiometricScaleFactor>0.01</ps:radiometricScaleFactor>
        <!-- Multiply by reflectanceCoefficient to convert DNs to TOA Reflectance -->
        <ps:reflectanceCoefficient>2.073617166143789e-05</ps:reflectanceCoefficient>
      </ps:bandSpecificMetadata>
      <ps:bandSpecificMetadata>
        <ps:bandNumber>4</ps:bandNumber>
        <!-- Multiply by radiometricScaleFactor to convert DNs to TOA Radiance (watts per steradian per square metre -->
        <ps:radiometricScaleFactor>0.01</ps:radiometricScaleFactor>
        <!-- Multiply by reflectanceCoefficient to convert DNs to TOA Reflectance -->
        <ps:reflectanceCoefficient>2.1042889109554772e-05</ps:reflectanceCoefficient>
      </ps:bandSpecificMetadata>
      <ps:bandSpecificMetadata>
        <ps:bandNumber>5</ps:bandNumber>
        <!-- Multiply by radiometricScaleFactor to convert DNs to TOA Radiance (watts per steradian per square metre -->
        <ps:radiometricScaleFactor>0.01</ps:radiometricScaleFactor>
        <!-- Multiply by reflectanceCoefficient to convert DNs to TOA Reflectance -->
        <ps:reflectanceCoefficient>2.2616165240599515e-05</ps:reflectanceCoefficient>
      </ps:bandSpecificMetadata>
      <ps:bandSpecificMetadata>
        <ps:bandNumber>6</ps:bandNumber>
        <!-- Multiply by radiometricScaleFactor to convert DNs to TOA Radiance (watts per steradian per square metre -->
        <ps:radiometricScaleFactor>0.01</ps:radiometricScaleFactor>
        <!-- Multiply by reflectanceCoefficient to convert DNs to TOA Reflectance -->
        <ps:reflectanceCoefficient>2.5328022251098112e-05</ps:reflectanceCoefficient>
      </ps:bandSpecificMetadata>
      <ps:bandSpecificMetadata>
        <ps:bandNumber>7</ps:bandNumber>
        <!-- Multiply by radiometricScaleFactor to convert DNs to TOA Radiance (watts per steradian per square metre -->
        <ps:radiometricScaleFactor>0.01</ps:radiometricScaleFactor>
        <!-- Multiply by reflectanceCoefficient to convert DNs to TOA Reflectance -->
        <ps:reflectanceCoefficient>2.7077222204658565e-05</ps:reflectanceCoefficient>
      </ps:bandSpecificMetadata>
      <ps:bandSpecificMetadata>
        <ps:bandNumber>8</ps:bandNumber>
        <!-- Multiply by radiometricScaleFactor to convert DNs to TOA Radiance (watts per steradian per square metre -->
        <ps:radiometricScaleFactor>0.01</ps:radiometricScaleFactor>
        <!-- Multiply by reflectanceCoefficient to convert DNs to TOA Reflectance -->
        <ps:reflectanceCoefficient>4.008789078712245e-05</ps:reflectanceCoefficient>
      </ps:bandSpecificMetadata>
    </ps:EarthObservationResult>
  </gml:resultOf>
</ps:EarthObservation>
