{
    "id": "20240731_174037_59_24dd",
    "type": "Feature",
    "geometry": {
        "type": "Polygon",
        "coordinates": [
            [
                [
                    -101.06639789,
                    39.38495273
                ],
                [
                    -101.06639789,
                    39.38723832
                ],
                [
                    -101.06405297,
                    39.38723832
                ],
                [
                    -101.06405297,
                    39.38495273
                ],
                [
                    -101.06639789,
                    39.38495273
                ]
            ]
        ]
    },
    "properties": {
        "acquired": "2024-07-31T17:40:37.592918Z",
        "anomalous_pixels": 0,
        "clear_confidence_percent": 98,
        "clear_percent": 100,
        "cloud_cover": 0.0,
        "cloud_percent": 0,
        "ground_control": true,
        "gsd": 3.8,
        "heavy_haze_percent": 0,
        "instrument": "PSB.SD",
        "item_type": "PSScene",
        "light_haze_percent": 0,
        "pixel_resolution": 3,
        "provider": "planetscope",
        "published": "2024-08-01T06:50:23Z",
        "publishing_stage": "finalized",
        "quality_category": "standard",
        "satellite_azimuth": 105.6,
        "satellite_id": "24dd",
        "shadow_percent": 0,
        "snow_ice_percent": 0,
        "strip_id": "7478318",
        "sun_azimuth": 140,
        "sun_elevation": 64,
        "updated": "2024-08-01T15:58:07Z",
        "view_angle": 1.7,
        "visible_confidence_percent": 98,
        "visible_percent": 100
    }
}