{
    "id": "20240516_173955_74_24e0",
    "type": "Feature",
    "geometry": {
        "type": "Polygon",
        "coordinates": [
            [
                [
                    -101.06639789,
                    39.38495273
                ],
                [
                    -101.06639789,
                    39.38723832
                ],
                [
                    -101.06405297,
                    39.38723832
                ],
                [
                    -101.06405297,
                    39.38495273
                ],
                [
                    -101.06639789,
                    39.38495273
                ]
            ]
        ]
    },
    "properties": {
        "acquired": "2024-05-16T17:39:55.742076Z",
        "anomalous_pixels": 0,
        "clear_confidence_percent": 98,
        "clear_percent": 100,
        "cloud_cover": 0.0,
        "cloud_percent": 0,
        "ground_control": true,
        "gsd": 4,
        "heavy_haze_percent": 0,
        "instrument": "PSB.SD",
        "item_type": "PSScene",
        "light_haze_percent": 0,
        "pixel_resolution": 3,
        "provider": "planetscope",
        "published": "2024-05-16T23:17:32Z",
        "publishing_stage": "finalized",
        "quality_category": "standard",
        "satellite_azimuth": 102.8,
        "satellite_id": "24e0",
        "shadow_percent": 0,
        "snow_ice_percent": 0,
        "strip_id": "7307220",
        "sun_azimuth": 143.2,
        "sun_elevation": 66.2,
        "updated": "2024-05-17T09:59:45Z",
        "view_angle": 2,
        "visible_confidence_percent": 98,
        "visible_percent": 100
    }
}