{
    "id": "20240712_165244_51_24ca",
    "type": "Feature",
    "geometry": {
        "type": "Polygon",
        "coordinates": [
            [
                [
                    -101.06639789,
                    39.38495273
                ],
                [
                    -101.06639789,
                    39.38723832
                ],
                [
                    -101.06405297,
                    39.38723832
                ],
                [
                    -101.06405297,
                    39.38495273
                ],
                [
                    -101.06639789,
                    39.38495273
                ]
            ]
        ]
    },
    "properties": {
        "acquired": "2024-07-12T16:52:44.514458Z",
        "anomalous_pixels": 0,
        "clear_confidence_percent": 96,
        "clear_percent": 100,
        "cloud_cover": 0.0,
        "cloud_percent": 0,
        "ground_control": true,
        "gsd": 3.7,
        "heavy_haze_percent": 0,
        "instrument": "PSB.SD",
        "item_type": "PSScene",
        "light_haze_percent": 0,
        "pixel_resolution": 3,
        "provider": "planetscope",
        "published": "2024-07-12T20:06:46Z",
        "publishing_stage": "finalized",
        "quality_category": "standard",
        "satellite_azimuth": 278,
        "satellite_id": "24ca",
        "shadow_percent": 0,
        "snow_ice_percent": 0,
        "strip_id": "7436182",
        "sun_azimuth": 116.2,
        "sun_elevation": 59.3,
        "updated": "2024-07-13T04:56:19Z",
        "view_angle": 4.1,
        "visible_confidence_percent": 96,
        "visible_percent": 100
    }
}