{
    "id": "20240719_174922_45_2488",
    "type": "Feature",
    "geometry": {
        "type": "Polygon",
        "coordinates": [
            [
                [
                    -101.06639789,
                    39.38495273
                ],
                [
                    -101.06639789,
                    39.38723832
                ],
                [
                    -101.06405297,
                    39.38723832
                ],
                [
                    -101.06405297,
                    39.38495273
                ],
                [
                    -101.06639789,
                    39.38495273
                ]
            ]
        ]
    },
    "properties": {
        "acquired": "2024-07-19T17:49:22.45274Z",
        "anomalous_pixels": 0,
        "clear_confidence_percent": 98,
        "clear_percent": 100,
        "cloud_cover": 0.0,
        "cloud_percent": 0,
        "ground_control": true,
        "gsd": 3.2,
        "heavy_haze_percent": 0,
        "instrument": "PSB.SD",
        "item_type": "PSScene",
        "light_haze_percent": 0,
        "pixel_resolution": 3,
        "provider": "planetscope",
        "published": "2024-07-20T00:54:06Z",
        "publishing_stage": "finalized",
        "quality_category": "standard",
        "satellite_azimuth": 258.7,
        "satellite_id": "2488",
        "shadow_percent": 0,
        "snow_ice_percent": 0,
        "strip_id": "7452155",
        "sun_azimuth": 140.5,
        "sun_elevation": 67.2,
        "updated": "2024-07-20T06:59:22Z",
        "view_angle": 0.5,
        "visible_confidence_percent": 98,
        "visible_percent": 100
    }
}