{
    "id": "20240825_174050_02_24d2",
    "type": "Feature",
    "geometry": {
        "type": "Polygon",
        "coordinates": [
            [
                [
                    -101.06639789,
                    39.38495273
                ],
                [
                    -101.06639789,
                    39.38723832
                ],
                [
                    -101.06405297,
                    39.38723832
                ],
                [
                    -101.06405297,
                    39.38495273
                ],
                [
                    -101.06639789,
                    39.38495273
                ]
            ]
        ]
    },
    "properties": {
        "acquired": "2024-08-25T17:40:50.024883Z",
        "anomalous_pixels": 0,
        "clear_confidence_percent": 98,
        "clear_percent": 100,
        "cloud_cover": 0.0,
        "cloud_percent": 0,
        "ground_control": true,
        "gsd": 3.9,
        "heavy_haze_percent": 0,
        "instrument": "PSB.SD",
        "item_type": "PSScene",
        "light_haze_percent": 0,
        "pixel_resolution": 3,
        "provider": "planetscope",
        "published": "2024-08-26T00:45:08Z",
        "publishing_stage": "finalized",
        "quality_category": "test",
        "satellite_azimuth": 107.9,
        "satellite_id": "24d2",
        "shadow_percent": 0,
        "snow_ice_percent": 0,
        "strip_id": "7533365",
        "sun_azimuth": 149.2,
        "sun_elevation": 57.7,
        "updated": "2024-08-26T10:01:11Z",
        "view_angle": 1.2,
        "visible_confidence_percent": 98,
        "visible_percent": 100
    }
}