{
    "id": "20240527_173805_41_24c6",
    "type": "Feature",
    "geometry": {
        "type": "Polygon",
        "coordinates": [
            [
                [
                    -101.06639789,
                    39.38495273
                ],
                [
                    -101.06639789,
                    39.38723832
                ],
                [
                    -101.06405297,
                    39.38723832
                ],
                [
                    -101.06405297,
                    39.38495273
                ],
                [
                    -101.06639789,
                    39.38495273
                ]
            ]
        ]
    },
    "properties": {
        "acquired": "2024-05-27T17:38:05.41912Z",
        "anomalous_pixels": 0,
        "clear_confidence_percent": 98,
        "clear_percent": 100,
        "cloud_cover": 0.0,
        "cloud_percent": 0,
        "ground_control": true,
        "gsd": 4,
        "heavy_haze_percent": 0,
        "instrument": "PSB.SD",
        "item_type": "PSScene",
        "light_haze_percent": 0,
        "pixel_resolution": 3,
        "provider": "planetscope",
        "published": "2024-05-28T00:52:20Z",
        "publishing_stage": "finalized",
        "quality_category": "standard",
        "satellite_azimuth": 101.3,
        "satellite_id": "24c6",
        "shadow_percent": 0,
        "snow_ice_percent": 0,
        "strip_id": "7333235",
        "sun_azimuth": 139.4,
        "sun_elevation": 67.9,
        "updated": "2024-05-28T10:00:57Z",
        "view_angle": 5,
        "visible_confidence_percent": 98,
        "visible_percent": 100
    }
}