{
    "id": "20240831_173952_22_24fd",
    "type": "Feature",
    "geometry": {
        "type": "Polygon",
        "coordinates": [
            [
                [
                    -101.06639789,
                    39.38495273
                ],
                [
                    -101.06639789,
                    39.38723832
                ],
                [
                    -101.06405297,
                    39.38723832
                ],
                [
                    -101.06405297,
                    39.38495273
                ],
                [
                    -101.06639789,
                    39.38495273
                ]
            ]
        ]
    },
    "properties": {
        "acquired": "2024-08-31T17:39:52.22646Z",
        "anomalous_pixels": 0,
        "clear_confidence_percent": 98,
        "clear_percent": 100,
        "cloud_cover": 0.0,
        "cloud_percent": 0,
        "ground_control": true,
        "gsd": 3.9,
        "heavy_haze_percent": 0,
        "instrument": "PSB.SD",
        "item_type": "PSScene",
        "light_haze_percent": 0,
        "pixel_resolution": 3,
        "provider": "planetscope",
        "published": "2024-09-01T02:55:24Z",
        "publishing_stage": "finalized",
        "quality_category": "standard",
        "satellite_azimuth": 103.9,
        "satellite_id": "24fd",
        "shadow_percent": 0,
        "snow_ice_percent": 0,
        "strip_id": "7547100",
        "sun_azimuth": 151.4,
        "sun_elevation": 55.9,
        "updated": "2024-09-01T09:58:19Z",
        "view_angle": 2.1,
        "visible_confidence_percent": 98,
        "visible_percent": 100
    }
}