{
    "id": "20240920_174039_10_24e6",
    "type": "Feature",
    "geometry": {
        "type": "Polygon",
        "coordinates": [
            [
                [
                    -101.06639789,
                    39.38495273
                ],
                [
                    -101.06639789,
                    39.38723832
                ],
                [
                    -101.06405297,
                    39.38723832
                ],
                [
                    -101.06405297,
                    39.38495273
                ],
                [
                    -101.06639789,
                    39.38495273
                ]
            ]
        ]
    },
    "properties": {
        "acquired": "2024-09-20T17:40:39.109018Z",
        "anomalous_pixels": 0,
        "clear_confidence_percent": 98,
        "clear_percent": 100,
        "cloud_cover": 0.0,
        "cloud_percent": 0,
        "ground_control": true,
        "gsd": 3.9,
        "heavy_haze_percent": 0,
        "instrument": "PSB.SD",
        "item_type": "PSScene",
        "light_haze_percent": 0,
        "pixel_resolution": 3,
        "provider": "planetscope",
        "published": "2024-09-20T22:19:44Z",
        "publishing_stage": "finalized",
        "quality_category": "standard",
        "satellite_azimuth": 102.3,
        "satellite_id": "24e6",
        "shadow_percent": 0,
        "snow_ice_percent": 0,
        "strip_id": "7589517",
        "sun_azimuth": 158.2,
        "sun_elevation": 49.4,
        "updated": "2024-09-21T03:56:20Z",
        "view_angle": 3.3,
        "visible_confidence_percent": 98,
        "visible_percent": 100
    }
}